player_id,signup_date,region,platform,acquisition_channel
1,2025-01-15,NA-West,PC,Paid Ads
2,2025-05-09,EU,Console,Organic
3,2025-04-19,APAC,PC,Organic
4,2025-03-14,APAC,PC,Streamer
5,2025-03-13,NA-West,PC,Friend Referral
6,2025-05-23,NA-West,Console,Organic
7,2025-01-15,APAC,Console,Paid Ads
8,2025-04-26,APAC,Console,Friend Referral
9,2025-02-03,EU,PC,Streamer
10,2025-01-16,,PC,Paid Ads
11,2025-03-29,NA-East,PC,Organic
12,2025-06-11,NA-East,PC,Organic
13,2025-05-03,NA-West,PC,Organic
14,2025-05-07,NA-West,PC,Paid Ads
15,2025-04-30,NA-West,Console,Friend Referral
16,2025-05-11,APAC,PC,Paid Ads
17,2025-03-27,NA-West,Console,Friend Referral
18,2025-01-22,NA-West,PC,Organic
19,2025-05-20,EU,PC,Organic
20,2025-03-16,NA-West,PC,Organic
21,2025-03-25,,PC,Friend Referral
22,2025-03-03,EU,PC,Friend Referral
23,2025-01-31,NA-East,PC,Streamer
24,2025-06-03,,PC,Organic
25,2025-05-10,APAC,PC,Paid Ads
26,2025-04-17,NA-West,PC,Organic
27,2025-03-08,APAC,Console,Paid Ads
28,2025-05-17,APAC,Console,Organic
29,2025-04-01,APAC,PC,Paid Ads
30,2025-03-15,EU,PC,Organic
31,2025-03-16,EU,PC,Organic
32,2025-02-07,EU,PC,Friend Referral
33,2025-01-16,EU,PC,Friend Referral
34,2025-04-03,,PC,Friend Referral
35,2025-05-28,APAC,PC,Organic
36,2025-01-11,EU,Console,Streamer
37,2025-05-23,EU,PC,Organic
38,2025-05-18,NA-East,Console,Friend Referral
39,2025-02-15,NA-West,PC,Streamer
40,2025-04-15,EU,PC,Paid Ads
41,2025-01-28,EU,Console,Organic
42,2025-05-06,NA-East,PC,Friend Referral
43,2025-04-27,NA-East,PC,Organic
44,2025-02-28,NA-West,Console,Friend Referral
45,2025-01-12,EU,PC,Friend Referral
46,2025-06-11,NA-East,PC,Paid Ads
47,2025-03-15,APAC,PC,Paid Ads
48,2025-05-29,NA-West,PC,Organic
49,2025-04-23,NA-East,PC,Organic
50,2025-05-10,NA-West,PC,Friend Referral
51,2025-05-07,EU,Console,Friend Referral
52,2025-02-02,NA-East,PC,Friend Referral
53,2025-03-02,EU,PC,Paid Ads
54,2025-03-19,APAC,PC,Friend Referral
55,2025-03-24,NA-West,PC,Streamer
56,2025-01-08,EU,Console,Friend Referral
57,2025-04-01,NA-West,PC,Organic
58,2025-01-26,NA-West,PC,Organic
59,2025-05-04,NA-East,Console,Paid Ads
60,2025-04-24,NA-West,Console,Organic
61,2025-06-03,EU,Console,Organic
62,2025-05-04,EU,PC,Organic
63,2025-03-02,EU,PC,Paid Ads
64,2025-06-10,EU,PC,Streamer
65,2025-03-10,EU,PC,Friend Referral
66,2025-02-24,NA-East,Console,Organic
67,2025-05-31,NA-West,PC,Friend Referral
68,2025-03-03,NA-West,PC,Friend Referral
69,2025-01-13,EU,Console,Streamer
70,2025-03-19,APAC,Console,Friend Referral
71,2025-05-13,NA-West,PC,Paid Ads
72,2025-02-01,EU,Console,Streamer
73,2025-03-18,EU,PC,Paid Ads
74,2025-01-22,APAC,PC,Organic
75,2025-04-24,EU,PC,Paid Ads
76,2025-03-20,EU,Console,Friend Referral
77,2025-02-24,EU,Console,Friend Referral
78,2025-02-07,APAC,PC,Streamer
79,2025-04-04,NA-West,PC,Organic
80,2025-04-22,APAC,PC,Friend Referral
81,2025-06-06,NA-West,PC,Organic
82,2025-03-14,APAC,Console,Organic
83,2025-01-27,NA-West,PC,Paid Ads
84,2025-05-19,NA-West,Console,Paid Ads
85,2025-04-15,NA-West,PC,Paid Ads
86,2025-04-27,NA-East,PC,Organic
87,2025-01-17,NA-East,PC,Organic
88,2025-02-21,NA-West,Console,Friend Referral
89,2025-05-08,NA-East,PC,Friend Referral
90,2025-05-19,NA-East,PC,Paid Ads
91,2025-03-14,EU,PC,Paid Ads
92,2025-05-14,APAC,Console,Streamer
93,2025-05-20,EU,Console,Paid Ads
94,2025-03-06,NA-West,Console,Friend Referral
95,2025-05-30,NA-West,PC,Paid Ads
96,2025-02-17,APAC,Console,Paid Ads
97,2025-02-09,NA-West,PC,Streamer
98,2025-04-24,NA-East,Console,Friend Referral
99,2025-04-16,APAC,PC,Paid Ads
100,2025-01-24,APAC,PC,Friend Referral
101,2025-05-19,NA-East,Console,Paid Ads
102,2025-02-03,EU,Console,Streamer
103,2025-05-14,NA-East,PC,Streamer
104,2025-01-02,EU,PC,Organic
105,2025-05-13,NA-West,Console,Organic
106,2025-05-11,NA-West,Console,Paid Ads
107,2025-05-10,EU,Console,Paid Ads
108,2025-04-21,NA-West,PC,Streamer
109,2025-03-20,EU,PC,Organic
110,2025-04-28,NA-East,Console,Paid Ads
111,2025-02-16,APAC,Console,Paid Ads
112,2025-05-10,,Console,Organic
113,2025-04-03,NA-East,PC,Organic
114,2025-03-18,EU,PC,Paid Ads
115,2025-03-25,NA-West,PC,Organic
116,2025-04-05,NA-East,Console,Paid Ads
117,2025-01-07,NA-West,PC,Friend Referral
118,2025-01-24,APAC,PC,Friend Referral
119,2025-02-10,APAC,Console,Organic
120,2025-01-20,APAC,Console,Streamer
121,2025-03-14,APAC,PC,Paid Ads
122,2025-04-21,APAC,Console,Paid Ads
123,2025-04-19,NA-West,PC,Paid Ads
124,2025-03-20,APAC,PC,Friend Referral
125,2025-05-22,EU,PC,Streamer
126,2025-04-04,NA-East,PC,Friend Referral
127,2025-01-14,EU,Console,Friend Referral
128,2025-05-07,NA-East,Console,Organic
129,2025-04-06,NA-West,PC,Organic
130,2025-04-16,NA-West,Console,Paid Ads
131,2025-04-04,NA-West,PC,Organic
132,2025-04-02,NA-East,Console,Paid Ads
133,2025-01-16,APAC,Console,Streamer
134,2025-04-03,EU,PC,Friend Referral
135,2025-05-12,EU,PC,Organic
136,2025-02-20,NA-East,PC,Paid Ads
137,2025-04-11,NA-East,PC,Organic
138,2025-01-06,NA-West,Console,Paid Ads
139,2025-02-27,APAC,PC,Friend Referral
140,2025-03-14,NA-West,PC,Friend Referral
141,2025-06-13,EU,PC,Friend Referral
142,2025-02-05,EU,Console,Friend Referral
143,2025-02-15,EU,PC,Organic
144,2025-03-09,APAC,Console,Organic
145,2025-06-14,NA-West,PC,Friend Referral
146,2025-05-22,APAC,PC,Streamer
147,2025-01-06,EU,PC,Organic
148,2025-02-08,EU,PC,Organic
149,2025-05-17,EU,PC,Organic
150,2025-01-10,APAC,Console,Friend Referral
151,2025-05-23,APAC,Console,Organic
152,2025-02-16,NA-East,PC,Paid Ads
153,2025-06-02,APAC,PC,Organic
154,2025-02-18,EU,PC,Paid Ads
155,2025-03-14,NA-East,PC,Organic
156,2025-04-20,APAC,Console,Friend Referral
157,2025-01-21,NA-East,Console,Organic
158,2025-04-03,EU,Console,Paid Ads
159,2025-03-25,NA-West,PC,Streamer
160,2025-05-11,NA-West,PC,Organic
161,2025-06-15,APAC,PC,Streamer
162,2025-04-21,NA-East,Console,Organic
163,2025-03-09,NA-East,PC,Friend Referral
164,2025-03-09,NA-West,Console,Paid Ads
165,2025-03-11,NA-East,PC,Organic
166,2025-05-16,APAC,PC,Friend Referral
167,2025-02-23,APAC,Console,Organic
168,2025-01-28,NA-West,PC,Paid Ads
169,2025-02-25,EU,PC,Friend Referral
170,2025-01-04,NA-East,PC,Streamer
171,2025-01-18,EU,Console,Organic
172,2025-01-15,NA-East,PC,Streamer
173,2025-05-09,NA-East,Console,Organic
174,2025-04-30,NA-East,PC,Paid Ads
175,2025-04-26,EU,PC,Organic
176,2025-03-18,EU,PC,Organic
177,2025-04-30,NA-East,PC,Organic
178,2025-01-27,APAC,Console,Paid Ads
179,2025-05-30,EU,Console,Organic
180,2025-03-25,NA-East,Console,Friend Referral
181,2025-06-05,APAC,Console,Streamer
182,2025-01-26,APAC,PC,Organic
183,2025-03-24,NA-West,PC,Organic
184,2025-04-26,EU,Console,Organic
185,2025-03-24,NA-West,PC,Organic
186,2025-03-16,EU,Console,Friend Referral
187,2025-01-28,NA-West,PC,Paid Ads
188,2025-03-05,EU,PC,Organic
189,2025-02-09,NA-West,PC,Organic
190,2025-02-20,EU,PC,Paid Ads
191,2025-04-24,APAC,PC,Organic
192,2025-04-15,NA-East,PC,Friend Referral
193,2025-04-11,APAC,PC,Streamer
194,2025-03-02,APAC,PC,Organic
195,2025-06-09,APAC,PC,Friend Referral
196,2025-01-15,NA-West,PC,Paid Ads
197,2025-02-26,APAC,PC,Paid Ads
198,2025-01-20,NA-West,Console,Paid Ads
199,2025-02-26,NA-East,PC,Paid Ads
200,2025-06-09,APAC,PC,Friend Referral
201,2025-03-02,EU,PC,Friend Referral
202,2025-05-31,EU,PC,Paid Ads
203,2025-03-24,NA-East,PC,Paid Ads
204,2025-04-27,APAC,PC,Paid Ads
205,2025-03-17,EU,PC,Friend Referral
206,2025-02-14,NA-East,PC,Paid Ads
207,2025-05-07,APAC,PC,Organic
208,2025-06-10,NA-West,PC,Organic
209,2025-02-13,NA-West,PC,Organic
210,2025-05-10,,PC,Organic
211,2025-02-13,APAC,PC,Paid Ads
212,2025-04-30,NA-West,Console,Organic
213,2025-05-11,NA-West,PC,Paid Ads
214,2025-03-16,NA-West,PC,Friend Referral
215,2025-05-03,APAC,PC,Organic
216,2025-02-15,NA-West,PC,Organic
217,2025-01-14,EU,PC,Friend Referral
218,2025-01-17,APAC,Console,Paid Ads
219,2025-03-16,NA-West,Console,Friend Referral
220,2025-05-30,EU,PC,Organic
221,2025-01-22,EU,PC,Organic
222,2025-03-17,APAC,Console,Organic
223,2025-04-27,NA-East,PC,Organic
224,2025-02-03,NA-East,PC,Streamer
225,2025-04-30,NA-West,Console,Organic
226,2025-02-20,EU,PC,Organic
227,2025-05-15,EU,PC,Streamer
228,2025-04-07,NA-West,PC,Paid Ads
229,2025-04-01,NA-East,PC,Friend Referral
230,2025-01-30,APAC,PC,Paid Ads
231,2025-03-18,NA-West,PC,Streamer
232,2025-05-23,NA-West,PC,Organic
233,2025-01-04,EU,PC,Organic
234,2025-05-06,NA-East,PC,Streamer
235,2025-03-23,NA-West,Console,Paid Ads
236,2025-04-30,NA-East,PC,Streamer
237,2025-04-21,NA-West,Console,Organic
238,2025-03-13,EU,PC,Streamer
239,2025-02-21,EU,PC,Organic
240,2025-04-15,EU,PC,Paid Ads
241,2025-01-24,NA-West,PC,Streamer
242,2025-04-07,,PC,Organic
243,2025-01-16,NA-West,Console,Organic
244,2025-04-18,EU,Console,Friend Referral
245,2025-04-15,NA-East,Console,Paid Ads
246,2025-01-15,EU,PC,Organic
247,2025-05-06,NA-West,PC,Streamer
248,2025-03-11,NA-West,PC,Organic
249,2025-05-11,NA-East,PC,Friend Referral
250,2025-01-07,NA-West,Console,Organic
251,2025-01-30,NA-West,Console,Streamer
252,2025-03-24,EU,PC,Organic
253,2025-02-01,APAC,Console,Friend Referral
254,2025-02-24,NA-West,Console,Organic
255,2025-04-20,APAC,PC,Streamer
256,2025-01-24,EU,Console,Paid Ads
257,2025-04-23,APAC,PC,Organic
258,2025-01-18,EU,PC,Organic
259,2025-01-30,EU,PC,Friend Referral
260,2025-04-08,EU,PC,Friend Referral
261,2025-05-12,EU,PC,Paid Ads
262,2025-01-29,,Console,Friend Referral
263,2025-02-19,NA-West,PC,Friend Referral
264,2025-06-03,NA-East,PC,Paid Ads
265,2025-06-14,NA-West,PC,Friend Referral
266,2025-04-07,APAC,PC,Organic
267,2025-03-16,NA-East,Console,Organic
268,2025-02-27,EU,PC,Organic
269,2025-04-12,APAC,Console,Paid Ads
270,2025-04-09,APAC,PC,Organic
271,2025-02-18,NA-West,PC,Friend Referral
272,2025-01-04,EU,PC,Organic
273,2025-01-26,APAC,PC,Paid Ads
274,2025-06-09,NA-West,Console,Organic
275,2025-03-11,EU,PC,Friend Referral
276,2025-03-22,NA-East,PC,Organic
277,2025-03-19,EU,PC,Organic
278,2025-05-10,EU,Console,Organic
279,2025-01-11,NA-West,PC,Friend Referral
280,2025-01-14,NA-West,Console,Paid Ads
281,2025-02-15,NA-West,Console,Organic
282,2025-03-22,NA-West,PC,Paid Ads
283,2025-04-22,EU,PC,Friend Referral
284,2025-03-23,NA-East,PC,Friend Referral
285,2025-03-15,NA-West,PC,Friend Referral
286,2025-06-05,,Console,Organic
287,2025-01-27,EU,PC,Paid Ads
288,2025-04-05,EU,Console,Paid Ads
289,2025-04-01,APAC,PC,Paid Ads
290,2025-03-20,NA-East,PC,Organic
291,2025-05-15,APAC,Console,Paid Ads
292,2025-02-14,NA-West,PC,Organic
293,2025-06-08,EU,PC,Friend Referral
294,2025-02-25,APAC,PC,Organic
295,2025-04-01,APAC,PC,Organic
296,2025-03-28,EU,Console,Paid Ads
297,2025-05-22,EU,PC,Streamer
298,2025-03-14,NA-East,Console,Organic
299,2025-02-17,EU,PC,Friend Referral
300,2025-01-04,EU,PC,Paid Ads
301,2025-03-02,APAC,PC,Streamer
302,2025-05-18,NA-East,Console,Paid Ads
303,2025-01-02,NA-West,PC,Organic
304,2025-05-29,EU,PC,Organic
305,2025-04-01,NA-West,PC,Paid Ads
306,2025-01-24,NA-West,PC,Organic
307,2025-02-20,NA-East,Console,Streamer
308,2025-04-02,EU,PC,Streamer
309,2025-02-22,NA-West,Console,Streamer
310,2025-01-19,NA-West,PC,Organic
311,2025-04-21,NA-West,PC,Paid Ads
312,2025-04-22,APAC,PC,Paid Ads
313,2025-01-20,EU,Console,Organic
314,2025-02-16,NA-West,PC,Organic
315,2025-02-10,NA-West,PC,Organic
316,2025-04-20,EU,PC,Friend Referral
317,2025-05-02,NA-West,PC,Streamer
318,2025-05-01,EU,PC,Paid Ads
319,2025-06-05,NA-East,Console,Organic
320,2025-05-08,APAC,PC,Friend Referral
321,2025-02-23,NA-West,PC,Organic
322,2025-01-18,EU,PC,Organic
323,2025-04-13,NA-West,PC,Organic
324,2025-06-02,APAC,PC,Paid Ads
325,2025-06-11,APAC,Console,Paid Ads
326,2025-02-08,EU,PC,Paid Ads
327,2025-02-09,NA-East,Console,Streamer
328,2025-01-07,NA-West,PC,Organic
329,2025-01-24,APAC,Console,Paid Ads
330,2025-04-03,EU,PC,Organic
331,2025-04-01,NA-West,Console,Friend Referral
332,2025-03-03,,PC,Friend Referral
333,2025-02-21,NA-East,PC,Organic
334,2025-05-18,APAC,PC,Organic
335,2025-03-18,EU,PC,Organic
336,2025-05-15,EU,PC,Organic
337,2025-06-09,EU,PC,Streamer
338,2025-02-22,NA-West,Console,Organic
339,2025-02-03,NA-East,Console,Friend Referral
340,2025-06-08,NA-West,PC,Streamer
341,2025-04-16,EU,Console,Friend Referral
342,2025-02-18,NA-East,PC,Friend Referral
343,2025-04-14,NA-East,PC,Streamer
344,2025-03-27,NA-West,PC,Organic
345,2025-05-31,NA-West,PC,Organic
346,2025-02-12,EU,PC,Friend Referral
347,2025-06-14,NA-West,PC,Friend Referral
348,2025-06-05,NA-West,PC,Paid Ads
349,2025-01-30,EU,PC,Organic
350,2025-01-28,NA-East,Console,Paid Ads
351,2025-03-30,,PC,Paid Ads
352,2025-01-08,NA-East,Console,Streamer
353,2025-02-19,APAC,PC,Organic
354,2025-03-14,NA-East,PC,Organic
355,2025-06-10,EU,PC,Streamer
356,2025-06-14,APAC,Console,Paid Ads
357,2025-01-26,EU,PC,Organic
358,2025-05-29,NA-East,PC,Organic
359,2025-01-16,EU,Console,Paid Ads
360,2025-05-05,NA-East,Console,Friend Referral
361,2025-05-21,NA-East,PC,Friend Referral
362,2025-05-28,EU,PC,Streamer
363,2025-02-07,NA-East,PC,Organic
364,2025-05-29,NA-West,PC,Organic
365,2025-01-20,NA-East,Console,Paid Ads
366,2025-03-28,NA-West,PC,Streamer
367,2025-03-19,NA-East,PC,Organic
368,2025-02-22,EU,PC,Paid Ads
369,2025-01-04,APAC,PC,Organic
370,2025-05-09,NA-West,PC,Organic
371,2025-02-25,EU,PC,Streamer
372,2025-04-20,NA-East,PC,Organic
373,2025-03-10,NA-West,PC,Organic
374,2025-03-04,NA-West,PC,Paid Ads
375,2025-05-28,NA-West,PC,Friend Referral
376,2025-01-16,NA-West,PC,Friend Referral
377,2025-05-03,NA-West,PC,Paid Ads
378,2025-05-04,NA-East,Console,Organic
379,2025-03-05,EU,Console,Paid Ads
380,2025-02-13,NA-West,Console,Organic
381,2025-01-01,NA-West,PC,Organic
382,2025-06-05,NA-West,PC,Paid Ads
383,2025-06-07,EU,PC,Organic
384,2025-02-10,NA-East,Console,Streamer
385,2025-01-06,EU,PC,Streamer
386,2025-01-21,NA-West,PC,Paid Ads
387,2025-01-12,NA-West,PC,Organic
388,2025-05-18,APAC,PC,Organic
389,2025-05-29,NA-West,Console,Streamer
390,2025-01-26,NA-West,PC,Friend Referral
391,2025-05-04,NA-West,PC,Paid Ads
392,2025-01-30,APAC,Console,Paid Ads
393,2025-03-02,EU,PC,Organic
394,2025-04-10,EU,PC,Organic
395,2025-04-30,APAC,PC,Paid Ads
396,2025-05-26,NA-West,PC,Friend Referral
397,2025-01-08,APAC,PC,Organic
398,2025-02-02,NA-West,PC,Friend Referral
399,2025-02-16,EU,Console,Paid Ads
400,2025-02-21,NA-East,PC,Friend Referral
401,2025-06-15,NA-East,PC,Organic
402,2025-05-10,APAC,PC,Paid Ads
403,2025-02-23,NA-West,Console,Paid Ads
404,2025-06-11,APAC,PC,Streamer
405,2025-03-24,NA-East,Console,Organic
406,2025-03-25,EU,PC,Streamer
407,2025-03-13,APAC,PC,Paid Ads
408,2025-01-24,NA-West,Console,Paid Ads
409,2025-06-05,APAC,PC,Organic
410,2025-01-03,EU,PC,Organic
411,2025-01-29,EU,Console,Friend Referral
412,2025-02-08,NA-West,PC,Organic
413,2025-02-16,EU,PC,Organic
414,2025-01-22,EU,Console,Streamer
415,2025-01-03,NA-East,Console,Organic
416,2025-04-23,NA-West,Console,Streamer
417,2025-06-10,NA-West,Console,Friend Referral
418,2025-01-21,APAC,PC,Paid Ads
419,2025-02-19,,Console,Organic
420,2025-03-26,EU,PC,Paid Ads
421,2025-06-03,APAC,PC,Friend Referral
422,2025-04-26,NA-West,PC,Streamer
423,2025-05-08,NA-West,Console,Organic
424,2025-04-07,EU,PC,Organic
425,2025-03-11,,Console,Streamer
426,2025-02-03,EU,PC,Organic
427,2025-05-24,EU,PC,Paid Ads
428,2025-05-14,EU,PC,Organic
429,2025-01-05,NA-East,PC,Organic
430,2025-04-29,EU,PC,Friend Referral
431,2025-01-15,EU,PC,Friend Referral
432,2025-05-03,NA-West,PC,Friend Referral
433,2025-05-18,EU,PC,Friend Referral
434,2025-01-22,APAC,PC,Paid Ads
435,2025-03-14,EU,PC,Streamer
436,2025-01-21,NA-East,PC,Organic
437,2025-04-05,NA-East,PC,Organic
438,2025-06-03,,PC,Organic
439,2025-01-14,NA-West,PC,Paid Ads
440,2025-03-07,NA-West,PC,Organic
441,2025-06-11,APAC,PC,Paid Ads
442,2025-02-19,NA-West,PC,Friend Referral
443,2025-01-22,APAC,PC,Paid Ads
444,2025-03-23,NA-West,PC,Paid Ads
445,2025-03-26,NA-West,PC,Friend Referral
446,2025-04-21,NA-East,PC,Friend Referral
447,2025-02-22,NA-East,Console,Organic
448,2025-06-08,EU,PC,Friend Referral
449,2025-03-28,APAC,PC,Organic
450,2025-02-17,APAC,Console,Paid Ads
451,2025-06-09,NA-West,PC,Friend Referral
452,2025-06-03,EU,PC,Organic
453,2025-03-24,NA-West,Console,Organic
454,2025-01-05,APAC,PC,Friend Referral
455,2025-04-10,EU,Console,Streamer
456,2025-04-03,NA-East,PC,Organic
457,2025-01-25,NA-West,PC,Organic
458,2025-04-16,NA-West,PC,Friend Referral
459,2025-05-20,NA-West,PC,Streamer
460,2025-01-18,APAC,Console,Paid Ads
461,2025-05-01,EU,PC,Organic
462,2025-01-24,APAC,PC,Paid Ads
463,2025-05-05,NA-West,PC,Paid Ads
464,2025-03-11,EU,Console,Paid Ads
465,2025-01-02,NA-West,PC,Friend Referral
466,2025-06-10,EU,Console,Paid Ads
467,2025-01-28,NA-East,PC,Friend Referral
468,2025-04-09,NA-West,Console,Organic
469,2025-01-31,EU,PC,Organic
470,2025-06-04,NA-West,PC,Friend Referral
471,2025-05-03,NA-East,PC,Organic
472,2025-05-14,,PC,Friend Referral
473,2025-03-13,NA-West,PC,Paid Ads
474,2025-03-19,APAC,PC,Paid Ads
475,2025-04-16,EU,Console,Organic
476,2025-05-11,APAC,Console,Organic
477,2025-05-21,EU,Console,Paid Ads
478,2025-01-03,EU,Console,Friend Referral
479,2025-04-21,EU,Console,Organic
480,2025-01-19,APAC,PC,Paid Ads
481,2025-02-17,EU,PC,Organic
482,2025-05-18,NA-West,Console,Organic
483,2025-02-11,NA-West,Console,Paid Ads
484,2025-05-13,EU,Console,Paid Ads
485,2025-03-18,NA-West,Console,Friend Referral
486,2025-02-08,NA-West,PC,Paid Ads
487,2025-02-25,NA-West,Console,Streamer
488,2025-03-30,EU,Console,Organic
489,2025-05-08,NA-West,PC,Paid Ads
490,2025-04-11,EU,Console,Organic
491,2025-06-04,EU,PC,Friend Referral
492,2025-05-25,APAC,Console,Friend Referral
493,2025-05-06,NA-East,PC,Friend Referral
494,2025-04-11,EU,Console,Organic
495,2025-02-18,EU,PC,Paid Ads
496,2025-03-10,NA-East,PC,Friend Referral
497,2025-01-20,EU,PC,Streamer
498,2025-03-04,NA-West,PC,Friend Referral
499,2025-06-03,APAC,PC,Paid Ads
500,2025-03-12,NA-West,Console,Friend Referral
501,2025-01-19,APAC,PC,Friend Referral
502,2025-04-19,EU,Console,Paid Ads
503,2025-06-09,NA-West,PC,Paid Ads
504,2025-05-25,EU,PC,Friend Referral
505,2025-02-15,NA-West,Console,Friend Referral
506,2025-03-17,EU,Console,Friend Referral
507,2025-03-30,EU,PC,Friend Referral
508,2025-02-11,NA-West,Console,Friend Referral
509,2025-02-14,NA-West,Console,Paid Ads
510,2025-02-09,EU,PC,Friend Referral
511,2025-06-15,NA-West,Console,Friend Referral
512,2025-05-04,APAC,Console,Paid Ads
513,2025-05-20,EU,PC,Streamer
514,2025-05-16,EU,PC,Organic
515,2025-06-09,NA-West,PC,Organic
516,2025-01-18,EU,PC,Organic
517,2025-05-27,APAC,Console,Paid Ads
518,2025-01-12,NA-West,Console,Friend Referral
519,2025-03-20,NA-East,PC,Friend Referral
520,2025-04-09,,PC,Organic
521,2025-03-01,NA-East,PC,Streamer
522,2025-01-25,EU,PC,Friend Referral
523,2025-02-01,NA-East,Console,Paid Ads
524,2025-05-17,EU,PC,Organic
525,2025-02-22,NA-East,PC,Organic
526,2025-02-21,NA-West,PC,Organic
527,2025-06-03,NA-West,PC,Friend Referral
528,2025-01-24,APAC,Console,Friend Referral
529,2025-06-01,EU,Console,Organic
530,2025-06-02,NA-East,PC,Organic
531,2025-04-10,EU,PC,Organic
532,2025-01-28,NA-West,PC,Friend Referral
533,2025-01-26,NA-West,PC,Organic
534,2025-02-17,NA-West,PC,Organic
535,2025-04-06,APAC,PC,Organic
536,2025-01-26,EU,Console,Paid Ads
537,2025-03-17,EU,PC,Streamer
538,2025-01-20,NA-West,PC,Paid Ads
539,2025-03-31,NA-West,PC,Organic
540,2025-01-04,EU,Console,Streamer
541,2025-04-28,NA-East,PC,Streamer
542,2025-01-10,APAC,PC,Friend Referral
543,2025-02-02,EU,Console,Organic
544,2025-01-29,NA-East,PC,Paid Ads
545,2025-05-18,,Console,Streamer
546,2025-01-09,APAC,PC,Paid Ads
547,2025-03-13,NA-East,Console,Paid Ads
548,2025-04-09,EU,Console,Paid Ads
549,2025-03-27,APAC,PC,Streamer
550,2025-04-23,NA-West,PC,Organic
551,2025-05-14,APAC,PC,Organic
552,2025-03-07,NA-West,Console,Paid Ads
553,2025-05-18,EU,Console,Organic
554,2025-02-22,EU,Console,Friend Referral
555,2025-06-13,EU,Console,Organic
556,2025-03-25,NA-East,PC,Organic
557,2025-05-03,EU,PC,Organic
558,2025-05-26,NA-West,PC,Friend Referral
559,2025-05-12,NA-West,Console,Friend Referral
560,2025-05-22,NA-West,Console,Friend Referral
561,2025-03-31,EU,PC,Organic
562,2025-01-08,NA-East,PC,Streamer
563,2025-03-23,NA-West,PC,Friend Referral
564,2025-01-31,APAC,Console,Streamer
565,2025-05-28,NA-East,Console,Friend Referral
566,2025-02-09,NA-East,PC,Organic
567,2025-02-07,NA-East,PC,Paid Ads
568,2025-02-11,NA-West,PC,Paid Ads
569,2025-04-17,EU,PC,Organic
570,2025-04-05,,Console,Paid Ads
571,2025-06-07,NA-West,PC,Paid Ads
572,2025-03-11,APAC,PC,Organic
573,2025-02-16,APAC,PC,Friend Referral
574,2025-01-09,EU,PC,Organic
575,2025-01-02,APAC,Console,Organic
576,2025-03-04,APAC,PC,Streamer
577,2025-06-03,NA-East,PC,Friend Referral
578,2025-03-28,EU,PC,Paid Ads
579,2025-05-29,EU,Console,Paid Ads
580,2025-01-17,NA-West,Console,Streamer
581,2025-01-16,NA-West,PC,Friend Referral
582,2025-05-19,NA-West,PC,Friend Referral
583,2025-01-18,EU,PC,Organic
584,2025-01-09,EU,PC,Paid Ads
585,2025-03-09,EU,PC,Friend Referral
586,2025-06-03,NA-East,Console,Paid Ads
587,2025-04-25,NA-West,Console,Friend Referral
588,2025-01-17,NA-East,PC,Organic
589,2025-05-19,EU,PC,Streamer
590,2025-05-21,APAC,PC,Paid Ads
591,2025-05-13,APAC,PC,Friend Referral
592,2025-05-30,APAC,PC,Paid Ads
593,2025-02-09,APAC,PC,Friend Referral
594,2025-06-12,APAC,Console,Paid Ads
595,2025-02-23,NA-East,PC,Friend Referral
596,2025-05-14,NA-West,Console,Friend Referral
597,2025-04-07,NA-West,PC,Organic
598,2025-05-10,NA-East,PC,Organic
599,2025-04-15,NA-West,PC,Paid Ads
600,2025-04-17,NA-West,Console,Friend Referral
601,2025-04-13,APAC,PC,Organic
602,2025-05-10,NA-West,PC,Organic
603,2025-05-03,APAC,Console,Friend Referral
604,2025-01-23,EU,Console,Paid Ads
605,2025-05-18,EU,PC,Friend Referral
606,2025-03-30,EU,PC,Paid Ads
607,2025-02-23,NA-East,PC,Streamer
608,2025-03-27,EU,Console,Organic
609,2025-06-10,NA-West,PC,Paid Ads
610,2025-05-23,APAC,PC,Organic
611,2025-05-19,NA-East,PC,Friend Referral
612,2025-03-18,NA-West,PC,Organic
613,2025-05-11,EU,Console,Organic
614,2025-03-05,EU,Console,Organic
615,2025-04-24,NA-East,PC,Organic
616,2025-04-17,EU,Console,Paid Ads
617,2025-02-11,NA-West,PC,Friend Referral
618,2025-02-14,EU,PC,Streamer
619,2025-01-11,NA-West,PC,Friend Referral
620,2025-01-24,NA-West,Console,Paid Ads
621,2025-03-13,NA-West,PC,Organic
622,2025-03-21,NA-East,PC,Friend Referral
623,2025-01-28,NA-East,Console,Friend Referral
624,2025-03-11,NA-East,PC,Streamer
625,2025-04-11,NA-West,Console,Streamer
626,2025-02-08,NA-West,PC,Organic
627,2025-02-26,EU,PC,Paid Ads
628,2025-03-03,NA-West,PC,Paid Ads
629,2025-03-25,EU,PC,Friend Referral
630,2025-03-02,APAC,PC,Organic
631,2025-05-03,NA-East,PC,Paid Ads
632,2025-02-24,APAC,Console,Paid Ads
633,2025-03-14,NA-West,Console,Organic
634,2025-03-04,NA-West,Console,Friend Referral
635,2025-01-31,EU,PC,Organic
636,2025-04-24,EU,PC,Streamer
637,2025-02-09,APAC,PC,Organic
638,2025-02-19,NA-West,PC,Organic
639,2025-05-12,EU,Console,Organic
640,2025-06-07,NA-East,PC,Paid Ads
641,2025-04-22,NA-East,PC,Paid Ads
642,2025-06-02,NA-West,PC,Organic
643,2025-05-22,APAC,PC,Organic
644,2025-03-21,NA-West,PC,Paid Ads
645,2025-05-08,APAC,PC,Friend Referral
646,2025-02-24,EU,PC,Organic
647,2025-03-18,EU,PC,Streamer
648,2025-03-30,EU,PC,Organic
649,2025-06-09,APAC,Console,Friend Referral
650,2025-05-21,NA-West,PC,Organic
651,2025-03-23,NA-West,PC,Paid Ads
652,2025-04-19,EU,PC,Paid Ads
653,2025-02-03,NA-East,PC,Friend Referral
654,2025-05-14,NA-West,Console,Paid Ads
655,2025-04-02,NA-West,PC,Streamer
656,2025-03-30,NA-East,Console,Paid Ads
657,2025-05-08,NA-West,Console,Friend Referral
658,2025-04-16,NA-West,PC,Friend Referral
659,2025-01-13,APAC,PC,Streamer
660,2025-02-17,NA-East,PC,Organic
661,2025-01-30,APAC,PC,Organic
662,2025-05-02,APAC,PC,Organic
663,2025-01-06,NA-West,PC,Paid Ads
664,2025-02-03,EU,PC,Organic
665,2025-04-10,EU,PC,Organic
666,2025-04-26,EU,PC,Paid Ads
667,2025-03-25,NA-West,PC,Organic
668,2025-05-23,NA-West,Console,Organic
669,2025-06-02,NA-West,PC,Friend Referral
670,2025-01-22,EU,PC,Organic
671,2025-06-08,APAC,Console,Streamer
672,2025-04-12,EU,PC,Organic
673,2025-04-16,EU,PC,Paid Ads
674,2025-01-16,APAC,PC,Friend Referral
675,2025-04-14,EU,PC,Organic
676,2025-05-01,NA-West,Console,Organic
677,2025-04-07,APAC,PC,Friend Referral
678,2025-01-15,NA-East,PC,Friend Referral
679,2025-03-28,NA-West,PC,Organic
680,2025-06-05,EU,PC,Streamer
681,2025-05-01,APAC,PC,Friend Referral
682,2025-01-23,NA-West,Console,Streamer
683,2025-06-09,NA-East,PC,Organic
684,2025-06-09,NA-West,PC,Organic
685,2025-01-29,NA-West,PC,Friend Referral
686,2025-05-13,NA-West,Console,Organic
687,2025-03-09,EU,PC,Organic
688,2025-04-09,APAC,PC,Organic
689,2025-03-15,NA-West,PC,Organic
690,2025-05-10,NA-West,Console,Paid Ads
691,2025-06-15,NA-West,PC,Organic
692,2025-05-12,NA-West,Console,Streamer
693,2025-06-04,EU,PC,Organic
694,2025-06-07,EU,Console,Friend Referral
695,2025-01-15,EU,Console,Friend Referral
696,2025-02-12,NA-East,PC,Friend Referral
697,2025-04-30,EU,PC,Streamer
698,2025-04-08,NA-West,PC,Paid Ads
699,2025-01-09,NA-West,PC,Organic
700,2025-01-16,APAC,PC,Friend Referral
701,2025-03-28,EU,PC,Paid Ads
702,2025-04-13,APAC,Console,Organic
703,2025-01-28,APAC,PC,Friend Referral
704,2025-01-29,EU,PC,Organic
705,2025-01-22,APAC,PC,Friend Referral
706,2025-04-04,NA-East,PC,Friend Referral
707,2025-01-02,NA-West,PC,Friend Referral
708,2025-04-06,NA-West,PC,Streamer
709,2025-03-21,NA-West,PC,Friend Referral
710,2025-03-19,NA-West,Console,Streamer
711,2025-04-23,NA-East,PC,Paid Ads
712,2025-03-28,EU,Console,Friend Referral
713,2025-05-01,EU,PC,Friend Referral
714,2025-05-07,EU,PC,Friend Referral
715,2025-06-02,NA-West,PC,Paid Ads
716,2025-05-13,EU,PC,Organic
717,2025-03-27,NA-East,Console,Streamer
718,2025-03-23,NA-West,PC,Friend Referral
719,2025-02-09,NA-West,PC,Paid Ads
720,2025-04-10,NA-East,Console,Friend Referral
721,2025-01-24,NA-West,PC,Friend Referral
722,2025-06-04,APAC,Console,Paid Ads
723,2025-05-21,EU,PC,Paid Ads
724,2025-01-20,EU,Console,Organic
725,2025-05-11,NA-West,PC,Friend Referral
726,2025-01-20,APAC,PC,Friend Referral
727,2025-04-30,EU,PC,Paid Ads
728,2025-01-15,NA-West,PC,Friend Referral
729,2025-03-23,EU,Console,Organic
730,2025-04-20,NA-East,PC,Paid Ads
731,2025-05-01,NA-East,PC,Friend Referral
732,2025-03-11,NA-West,PC,Friend Referral
733,2025-06-02,EU,Console,Paid Ads
734,2025-05-09,NA-West,PC,Paid Ads
735,2025-02-04,NA-West,Console,Paid Ads
736,2025-04-22,NA-West,PC,Organic
737,2025-05-02,APAC,Console,Organic
738,2025-02-25,,PC,Paid Ads
739,2025-05-03,NA-East,PC,Organic
740,2025-05-30,NA-East,PC,Organic
741,2025-05-16,APAC,PC,Organic
742,2025-05-07,EU,Console,Organic
743,2025-04-16,APAC,Console,Streamer
744,2025-02-14,NA-West,PC,Organic
745,2025-05-13,NA-West,Console,Organic
746,2025-03-02,EU,PC,Streamer
747,2025-03-30,NA-East,PC,Streamer
748,2025-02-22,APAC,PC,Organic
749,2025-02-21,APAC,PC,Streamer
750,2025-01-27,NA-East,PC,Organic
751,2025-06-09,APAC,PC,Paid Ads
752,2025-01-25,EU,PC,Organic
753,2025-01-15,NA-West,Console,Friend Referral
754,2025-06-05,NA-East,Console,Organic
755,2025-04-03,NA-West,PC,Paid Ads
756,2025-03-14,APAC,PC,Organic
757,2025-05-03,NA-West,Console,Friend Referral
758,2025-03-05,NA-East,PC,Paid Ads
759,2025-01-22,EU,Console,Organic
760,2025-05-02,NA-West,PC,Streamer
761,2025-01-30,NA-West,PC,Friend Referral
762,2025-04-02,EU,PC,Organic
763,2025-06-07,NA-West,Console,Organic
764,2025-06-05,NA-East,Console,Organic
765,2025-03-01,NA-East,PC,Organic
766,2025-05-10,NA-West,Console,Friend Referral
767,2025-04-12,NA-West,Console,Paid Ads
768,2025-03-21,EU,PC,Friend Referral
769,2025-01-24,APAC,Console,Friend Referral
770,2025-03-04,NA-West,PC,Paid Ads
771,2025-04-19,APAC,PC,Organic
772,2025-06-13,EU,PC,Paid Ads
773,2025-01-01,EU,Console,Streamer
774,2025-04-30,EU,Console,Organic
775,2025-05-21,EU,PC,Paid Ads
776,2025-06-07,APAC,PC,Streamer
777,2025-03-12,NA-East,PC,Friend Referral
778,2025-01-20,EU,Console,Streamer
779,2025-02-14,NA-East,Console,Organic
780,2025-05-22,NA-West,PC,Friend Referral
781,2025-05-26,EU,PC,Organic
782,2025-04-16,NA-West,PC,Organic
783,2025-01-21,NA-West,PC,Streamer
784,2025-01-21,NA-West,PC,Organic
785,2025-03-21,NA-West,PC,Streamer
786,2025-04-08,EU,PC,Paid Ads
787,2025-01-06,EU,PC,Streamer
788,2025-04-24,NA-East,Console,Streamer
789,2025-04-01,NA-West,PC,Friend Referral
790,2025-01-03,NA-East,PC,Streamer
791,2025-01-16,NA-East,Console,Paid Ads
792,2025-03-17,EU,Console,Friend Referral
793,2025-04-30,EU,PC,Paid Ads
794,2025-05-18,NA-East,PC,Organic
795,2025-03-13,NA-East,PC,Organic
796,2025-02-19,APAC,PC,Organic
797,2025-06-10,EU,PC,Friend Referral
798,2025-03-18,NA-East,PC,Organic
799,2025-02-22,NA-East,PC,Friend Referral
800,2025-03-15,NA-West,PC,Paid Ads
801,2025-01-03,APAC,Console,Paid Ads
802,2025-02-20,NA-East,PC,Streamer
803,2025-03-27,NA-West,PC,Streamer
804,2025-06-02,APAC,PC,Streamer
805,2025-05-03,EU,Console,Paid Ads
806,2025-05-10,NA-West,PC,Organic
807,2025-04-01,NA-West,PC,Streamer
808,2025-01-19,NA-West,PC,Organic
809,2025-03-06,EU,PC,Organic
810,2025-06-15,NA-West,Console,Organic
811,2025-01-08,APAC,Console,Friend Referral
812,2025-05-26,APAC,PC,Paid Ads
813,2025-04-24,EU,PC,Organic
814,2025-02-17,EU,PC,Paid Ads
815,2025-05-10,NA-West,PC,Organic
816,2025-05-19,NA-West,PC,Organic
817,2025-01-08,EU,Console,Organic
818,2025-01-18,NA-West,Console,Organic
819,2025-04-21,NA-West,PC,Paid Ads
820,2025-06-15,NA-East,PC,Organic
821,2025-01-04,NA-West,PC,Organic
822,2025-04-21,NA-East,PC,Organic
823,2025-01-23,EU,PC,Paid Ads
824,2025-04-18,APAC,Console,Streamer
825,2025-04-14,EU,Console,Paid Ads
826,2025-01-16,APAC,PC,Friend Referral
827,2025-04-24,NA-East,PC,Streamer
828,2025-05-29,APAC,PC,Organic
829,2025-05-24,EU,Console,Organic
830,2025-01-05,NA-West,PC,Friend Referral
831,2025-02-10,APAC,PC,Organic
832,2025-02-09,NA-West,PC,Friend Referral
833,2025-03-17,NA-West,PC,Friend Referral
834,2025-01-24,NA-West,PC,Organic
835,2025-05-22,NA-East,PC,Friend Referral
836,2025-05-09,NA-East,PC,Friend Referral
837,2025-05-15,EU,Console,Organic
838,2025-02-02,APAC,PC,Streamer
839,2025-01-03,NA-West,PC,Paid Ads
840,2025-06-01,EU,Console,Organic
841,2025-02-17,NA-East,PC,Organic
842,2025-04-19,APAC,PC,Organic
843,2025-05-31,NA-West,PC,Organic
844,2025-01-07,NA-West,PC,Organic
845,2025-01-01,EU,Console,Organic
846,2025-01-01,EU,PC,Paid Ads
847,2025-01-26,EU,PC,Paid Ads
848,2025-01-09,EU,PC,Paid Ads
849,2025-05-17,EU,PC,Paid Ads
850,2025-04-11,,PC,Paid Ads
851,2025-06-12,NA-West,Console,Paid Ads
852,2025-05-14,NA-West,Console,Streamer
853,2025-06-09,NA-West,Console,Paid Ads
854,2025-02-09,NA-East,PC,Paid Ads
855,2025-02-17,NA-East,PC,Paid Ads
856,2025-05-22,NA-East,Console,Friend Referral
857,2025-02-10,EU,PC,Organic
858,2025-01-10,NA-East,PC,Organic
859,2025-04-22,EU,Console,Friend Referral
860,2025-05-13,EU,PC,Organic
861,2025-06-10,NA-East,PC,Organic
862,2025-06-04,NA-East,Console,Organic
863,2025-01-20,EU,PC,Organic
864,2025-05-09,EU,PC,Streamer
865,2025-05-21,NA-East,PC,Friend Referral
866,2025-04-26,NA-East,Console,Organic
867,2025-05-17,EU,PC,Friend Referral
868,2025-05-20,EU,Console,Organic
869,2025-03-16,NA-West,PC,Paid Ads
870,2025-01-07,NA-East,PC,Paid Ads
871,2025-03-17,APAC,PC,Organic
872,2025-02-03,NA-West,PC,Friend Referral
873,2025-01-19,APAC,PC,Organic
874,2025-01-21,NA-West,PC,Paid Ads
875,2025-04-26,EU,PC,Streamer
876,2025-03-25,NA-East,PC,Streamer
877,2025-03-31,NA-West,Console,Organic
878,2025-05-04,APAC,Console,Paid Ads
879,2025-04-02,NA-East,PC,Paid Ads
880,2025-04-15,APAC,PC,Streamer
881,2025-01-15,NA-West,PC,Organic
882,2025-05-22,APAC,PC,Friend Referral
883,2025-03-16,APAC,PC,Organic
884,2025-01-26,EU,PC,Organic
885,2025-05-16,NA-West,PC,Paid Ads
886,2025-05-02,EU,PC,Friend Referral
887,2025-01-09,EU,Console,Organic
888,2025-02-02,APAC,PC,Paid Ads
889,2025-01-03,NA-East,PC,Friend Referral
890,2025-02-14,NA-West,PC,Streamer
891,2025-01-17,NA-West,PC,Paid Ads
892,2025-04-28,EU,PC,Streamer
893,2025-03-28,APAC,PC,Paid Ads
894,2025-06-12,NA-West,Console,Organic
895,2025-05-05,,PC,Organic
896,2025-04-12,APAC,PC,Streamer
897,2025-03-26,NA-West,PC,Organic
898,2025-01-10,NA-West,Console,Friend Referral
899,2025-01-12,EU,Console,Paid Ads
900,2025-04-13,EU,Console,Organic
901,2025-01-01,NA-West,PC,Organic
902,2025-01-08,APAC,PC,Friend Referral
903,2025-02-06,EU,PC,Friend Referral
904,2025-05-27,APAC,Console,Paid Ads
905,2025-03-18,APAC,Console,Organic
906,2025-04-28,APAC,Console,Friend Referral
907,2025-03-10,EU,PC,Organic
908,2025-01-29,NA-West,Console,Paid Ads
909,2025-03-03,EU,Console,Organic
910,2025-01-16,NA-West,PC,Organic
911,2025-05-08,EU,PC,Paid Ads
912,2025-01-31,NA-West,PC,Organic
913,2025-03-04,EU,PC,Paid Ads
914,2025-06-12,NA-West,PC,Organic
915,2025-04-09,NA-West,PC,Organic
916,2025-03-18,,Console,Organic
917,2025-04-01,EU,Console,Streamer
918,2025-05-11,EU,Console,Friend Referral
919,2025-02-12,NA-West,PC,Organic
920,2025-04-16,APAC,PC,Friend Referral
921,2025-05-25,APAC,PC,Friend Referral
922,2025-04-06,NA-East,Console,Paid Ads
923,2025-03-16,EU,PC,Streamer
924,2025-01-25,NA-East,Console,Friend Referral
925,2025-02-11,NA-West,PC,Friend Referral
926,2025-06-07,EU,PC,Organic
927,2025-03-31,NA-West,Console,Streamer
928,2025-02-20,APAC,PC,Friend Referral
929,2025-03-11,APAC,Console,Organic
930,2025-04-06,APAC,PC,Streamer
931,2025-03-31,EU,PC,Streamer
932,2025-04-27,EU,PC,Friend Referral
933,2025-02-12,APAC,Console,Organic
934,2025-04-18,,PC,Paid Ads
935,2025-03-15,NA-West,Console,Paid Ads
936,2025-06-06,EU,Console,Friend Referral
937,2025-01-27,NA-East,PC,Organic
938,2025-01-25,NA-East,Console,Organic
939,2025-03-18,NA-West,Console,Organic
940,2025-03-26,EU,PC,Organic
941,2025-04-25,NA-West,Console,Paid Ads
942,2025-03-09,NA-West,PC,Organic
943,2025-06-01,NA-West,PC,Friend Referral
944,2025-03-20,NA-East,PC,Paid Ads
945,2025-01-22,APAC,Console,Friend Referral
946,2025-01-20,NA-East,PC,Organic
947,2025-06-11,EU,PC,Streamer
948,2025-01-23,EU,PC,Organic
949,2025-06-07,NA-East,PC,Streamer
950,2025-02-16,APAC,Console,Organic
951,2025-01-16,EU,Console,Friend Referral
952,2025-02-20,EU,PC,Paid Ads
953,2025-04-13,NA-West,PC,Friend Referral
954,2025-03-13,NA-West,Console,Friend Referral
955,2025-05-11,APAC,PC,Organic
956,2025-04-12,EU,PC,Friend Referral
957,2025-03-08,APAC,Console,Organic
958,2025-04-16,APAC,Console,Paid Ads
959,2025-06-11,NA-West,PC,Friend Referral
960,2025-03-10,EU,PC,Friend Referral
961,2025-01-26,NA-East,Console,Organic
962,2025-03-09,EU,PC,Friend Referral
963,2025-05-20,NA-West,PC,Friend Referral
964,2025-02-06,NA-West,Console,Organic
965,2025-06-07,EU,PC,Paid Ads
966,2025-04-08,EU,PC,Organic
967,2025-04-10,EU,PC,Organic
968,2025-02-22,NA-East,PC,Paid Ads
969,2025-06-02,NA-East,PC,Organic
970,2025-01-06,APAC,PC,Organic
971,2025-02-19,NA-East,PC,Paid Ads
972,2025-03-11,NA-East,Console,Paid Ads
973,2025-03-21,EU,PC,Organic
974,2025-03-20,NA-East,PC,Organic
975,2025-01-25,EU,PC,Friend Referral
976,2025-02-07,NA-East,PC,Friend Referral
977,2025-01-16,APAC,Console,Friend Referral
978,2025-04-06,APAC,PC,Paid Ads
979,2025-02-28,APAC,PC,Paid Ads
980,2025-04-04,,Console,Streamer
981,2025-04-08,NA-East,PC,Organic
982,2025-04-27,EU,PC,Organic
983,2025-04-01,APAC,Console,Organic
984,2025-04-18,EU,PC,Organic
985,2025-04-08,EU,Console,Friend Referral
986,2025-04-19,EU,Console,Streamer
987,2025-04-13,EU,Console,Organic
988,2025-02-22,EU,PC,Organic
989,2025-02-10,NA-West,Console,Friend Referral
990,2025-05-11,NA-East,Console,Streamer
991,2025-02-26,EU,PC,Organic
992,2025-04-02,NA-West,Console,Paid Ads
993,2025-02-02,APAC,PC,Paid Ads
994,2025-03-13,EU,Console,Friend Referral
995,2025-03-29,NA-West,PC,Paid Ads
996,2025-04-14,APAC,PC,Friend Referral
997,2025-03-29,EU,PC,Organic
998,2025-03-01,EU,Console,Friend Referral
999,2025-06-09,NA-East,PC,Organic
1000,2025-03-27,APAC,PC,Paid Ads
1001,2025-05-15,NA-East,PC,Paid Ads
1002,2025-05-03,EU,Console,Organic
1003,2025-04-03,NA-West,PC,Friend Referral
1004,2025-05-28,EU,PC,Organic
1005,2025-01-22,EU,PC,Organic
1006,2025-06-02,EU,PC,Paid Ads
1007,2025-05-22,NA-East,PC,Organic
1008,2025-03-25,APAC,PC,Paid Ads
1009,2025-05-02,EU,Console,Organic
1010,2025-03-28,NA-West,Console,Paid Ads
1011,2025-02-14,APAC,PC,Friend Referral
1012,2025-05-13,EU,PC,Friend Referral
1013,2025-02-10,APAC,PC,Paid Ads
1014,2025-02-22,APAC,Console,Friend Referral
1015,2025-03-28,APAC,PC,Organic
1016,2025-05-20,EU,PC,Streamer
1017,2025-03-05,EU,Console,Organic
1018,2025-03-24,NA-West,PC,Organic
1019,2025-01-07,EU,PC,Friend Referral
1020,2025-01-20,EU,PC,Friend Referral
1021,2025-01-10,EU,PC,Paid Ads
1022,2025-01-12,APAC,PC,Paid Ads
1023,2025-05-25,NA-West,Console,Friend Referral
1024,2025-05-20,NA-East,PC,Organic
1025,2025-05-17,EU,PC,Organic
1026,2025-01-10,NA-East,Console,Organic
1027,2025-01-13,NA-West,Console,Paid Ads
1028,2025-02-16,NA-West,PC,Organic
1029,2025-04-04,APAC,Console,Paid Ads
1030,2025-02-25,NA-East,PC,Friend Referral
1031,2025-03-22,NA-West,PC,Paid Ads
1032,2025-01-29,NA-West,PC,Organic
1033,2025-05-02,NA-East,PC,Organic
1034,2025-02-22,NA-West,Console,Streamer
1035,2025-01-12,EU,Console,Friend Referral
1036,2025-05-04,EU,PC,Friend Referral
1037,2025-05-30,NA-West,PC,Paid Ads
1038,2025-01-03,EU,Console,Streamer
1039,2025-03-14,NA-West,PC,Organic
1040,2025-05-18,NA-East,PC,Streamer
1041,2025-04-28,APAC,PC,Organic
1042,2025-05-23,,PC,Streamer
1043,2025-03-10,APAC,PC,Organic
1044,2025-03-03,NA-West,Console,Organic
1045,2025-04-28,NA-East,PC,Organic
1046,2025-01-26,NA-East,PC,Paid Ads
1047,2025-02-09,NA-East,Console,Streamer
1048,2025-04-10,APAC,PC,Organic
1049,2025-04-21,NA-West,Console,Organic
1050,2025-01-20,APAC,PC,Organic
1051,2025-03-26,APAC,PC,Organic
1052,2025-03-02,EU,PC,Paid Ads
1053,2025-03-25,NA-East,Console,Organic
1054,2025-06-09,EU,Console,Streamer
1055,2025-01-13,NA-West,Console,Streamer
1056,2025-06-15,EU,PC,Organic
1057,2025-03-16,NA-East,PC,Friend Referral
1058,2025-05-09,APAC,Console,Streamer
1059,2025-03-12,EU,PC,Streamer
1060,2025-02-21,EU,Console,Paid Ads
1061,2025-05-08,EU,PC,Organic
1062,2025-04-25,EU,PC,Organic
1063,2025-01-24,APAC,Console,Paid Ads
1064,2025-04-28,NA-West,PC,Friend Referral
1065,2025-05-06,APAC,PC,Paid Ads
1066,2025-03-06,APAC,PC,Paid Ads
1067,2025-06-03,APAC,Console,Friend Referral
1068,2025-04-17,NA-East,PC,Organic
1069,2025-02-25,APAC,PC,Friend Referral
1070,2025-01-02,NA-East,Console,Streamer
1071,2025-04-23,EU,PC,Organic
1072,2025-02-04,NA-West,Console,Organic
1073,2025-05-06,NA-East,Console,Streamer
1074,2025-03-29,NA-East,PC,Paid Ads
1075,2025-03-19,NA-East,Console,Friend Referral
1076,2025-01-28,NA-East,PC,Paid Ads
1077,2025-04-29,APAC,PC,Friend Referral
1078,2025-01-28,NA-West,PC,Streamer
1079,2025-03-11,EU,PC,Streamer
1080,2025-05-19,NA-West,PC,Organic
1081,2025-06-02,EU,PC,Friend Referral
1082,2025-06-14,EU,PC,Organic
1083,2025-06-09,NA-East,PC,Paid Ads
1084,2025-04-03,EU,PC,Paid Ads
1085,2025-02-03,APAC,Console,Friend Referral
1086,2025-05-20,APAC,PC,Streamer
1087,2025-05-14,NA-East,PC,Friend Referral
1088,2025-06-14,NA-East,PC,Paid Ads
1089,2025-04-19,EU,PC,Paid Ads
1090,2025-01-24,NA-West,PC,Friend Referral
1091,2025-03-25,APAC,PC,Organic
1092,2025-03-16,NA-East,PC,Paid Ads
1093,2025-05-20,APAC,Console,Paid Ads
1094,2025-03-07,NA-West,PC,Organic
1095,2025-02-24,NA-West,PC,Paid Ads
1096,2025-01-14,APAC,Console,Friend Referral
1097,2025-05-19,APAC,PC,Organic
1098,2025-05-06,APAC,PC,Paid Ads
1099,2025-01-07,APAC,PC,Organic
1100,2025-03-14,NA-East,PC,Paid Ads
1101,2025-03-21,NA-West,PC,Paid Ads
1102,2025-03-19,NA-West,PC,Organic
1103,2025-06-02,EU,PC,Friend Referral
1104,2025-01-26,NA-West,Console,Organic
1105,2025-02-20,APAC,PC,Organic
1106,2025-01-31,NA-West,PC,Paid Ads
1107,2025-02-10,NA-West,PC,Organic
1108,2025-05-31,NA-West,Console,Streamer
1109,2025-06-06,NA-West,PC,Friend Referral
1110,2025-01-08,NA-West,PC,Organic
1111,2025-04-15,EU,PC,Streamer
1112,2025-02-08,NA-East,Console,Friend Referral
1113,2025-02-01,EU,PC,Paid Ads
1114,2025-02-18,APAC,PC,Paid Ads
1115,2025-02-02,EU,PC,Streamer
1116,2025-03-23,EU,PC,Organic
1117,2025-06-15,NA-East,PC,Organic
1118,2025-04-08,NA-West,PC,Streamer
1119,2025-05-01,NA-East,PC,Organic
1120,2025-03-23,APAC,Console,Paid Ads
1121,2025-01-03,EU,Console,Paid Ads
1122,2025-01-14,NA-West,PC,Friend Referral
1123,2025-02-14,NA-East,PC,Paid Ads
1124,2025-02-10,APAC,PC,Streamer
1125,2025-05-20,EU,PC,Organic
1126,2025-05-21,,PC,Paid Ads
1127,2025-05-22,APAC,PC,Paid Ads
1128,2025-04-16,EU,Console,Organic
1129,2025-04-03,EU,PC,Streamer
1130,2025-04-18,NA-West,Console,Friend Referral
1131,2025-03-09,NA-West,PC,Organic
1132,2025-04-22,APAC,PC,Streamer
1133,2025-05-12,EU,PC,Streamer
1134,2025-05-07,NA-East,PC,Organic
1135,2025-04-12,EU,PC,Paid Ads
1136,2025-01-10,NA-West,PC,Organic
1137,2025-05-01,APAC,PC,Organic
1138,2025-03-02,NA-West,PC,Organic
1139,2025-05-04,APAC,PC,Streamer
1140,2025-03-31,EU,PC,Organic
1141,2025-05-27,NA-West,PC,Organic
1142,2025-02-26,NA-West,Console,Paid Ads
1143,2025-06-04,APAC,PC,Friend Referral
1144,2025-05-21,NA-West,PC,Organic
1145,2025-02-24,NA-West,PC,Organic
1146,2025-03-22,EU,PC,Paid Ads
1147,2025-03-30,NA-East,PC,Paid Ads
1148,2025-05-08,NA-East,PC,Paid Ads
1149,2025-04-25,NA-West,PC,Organic
1150,2025-05-22,APAC,PC,Friend Referral
1151,2025-03-03,NA-West,PC,Paid Ads
1152,2025-03-25,NA-West,Console,Organic
1153,2025-03-13,NA-East,Console,Organic
1154,2025-05-31,NA-West,PC,Friend Referral
1155,2025-02-20,NA-East,PC,Organic
1156,2025-04-08,NA-West,PC,Organic
1157,2025-01-20,NA-West,PC,Streamer
1158,2025-05-22,NA-East,PC,Friend Referral
1159,2025-03-05,APAC,PC,Paid Ads
1160,2025-02-26,NA-West,PC,Organic
1161,2025-04-07,NA-West,PC,Paid Ads
1162,2025-03-24,APAC,PC,Friend Referral
1163,2025-05-21,APAC,Console,Streamer
1164,2025-03-30,EU,Console,Friend Referral
1165,2025-03-27,NA-West,PC,Paid Ads
1166,2025-01-18,NA-East,PC,Organic
1167,2025-01-04,NA-West,PC,Friend Referral
1168,2025-03-08,NA-West,PC,Streamer
1169,2025-06-15,NA-East,PC,Paid Ads
1170,2025-06-02,EU,Console,Paid Ads
1171,2025-04-15,NA-East,PC,Streamer
1172,2025-04-15,EU,PC,Streamer
1173,2025-03-06,NA-West,Console,Organic
1174,2025-01-30,NA-East,PC,Organic
1175,2025-01-02,EU,PC,Friend Referral
1176,2025-02-26,APAC,Console,Streamer
1177,2025-02-22,NA-East,Console,Friend Referral
1178,2025-02-01,EU,PC,Organic
1179,2025-02-13,NA-West,Console,Friend Referral
1180,2025-01-05,NA-West,PC,Organic
1181,2025-04-11,EU,PC,Organic
1182,2025-06-03,NA-West,PC,Organic
1183,2025-04-25,NA-East,Console,Organic
1184,2025-03-16,NA-East,Console,Paid Ads
1185,2025-03-11,NA-West,PC,Organic
1186,2025-02-21,NA-West,PC,Organic
1187,2025-01-24,NA-East,Console,Friend Referral
1188,2025-04-10,APAC,PC,Organic
1189,2025-04-05,EU,PC,Friend Referral
1190,2025-01-02,NA-East,Console,Organic
1191,2025-03-10,NA-West,PC,Organic
1192,2025-02-16,EU,PC,Paid Ads
1193,2025-01-29,NA-West,PC,Organic
1194,2025-04-27,EU,PC,Organic
1195,2025-03-29,EU,Console,Organic
1196,2025-04-16,NA-East,PC,Organic
1197,2025-04-29,NA-West,PC,Organic
1198,2025-06-12,NA-West,PC,Organic
1199,2025-05-14,NA-West,PC,Organic
1200,2025-04-13,NA-East,PC,Organic
1201,2025-05-26,APAC,PC,Streamer
1202,2025-03-21,NA-West,PC,Organic
1203,2025-06-13,EU,PC,Organic
1204,2025-05-07,EU,PC,Friend Referral
1205,2025-04-19,NA-West,PC,Organic
1206,2025-05-30,NA-West,PC,Paid Ads
1207,2025-03-27,NA-East,PC,Organic
1208,2025-04-30,EU,PC,Friend Referral
1209,2025-02-17,NA-East,PC,Streamer
1210,2025-06-09,EU,PC,Organic
1211,2025-04-14,APAC,Console,Organic
1212,2025-05-10,EU,PC,Paid Ads
1213,2025-03-18,APAC,Console,Streamer
1214,2025-05-24,EU,Console,Friend Referral
1215,2025-01-13,APAC,PC,Paid Ads
1216,2025-01-19,APAC,PC,Organic
1217,2025-03-26,EU,PC,Paid Ads
1218,2025-05-02,APAC,PC,Organic
1219,2025-05-15,APAC,PC,Paid Ads
1220,2025-03-15,NA-East,PC,Organic
1221,2025-04-18,EU,Console,Friend Referral
1222,2025-04-02,EU,PC,Organic
1223,2025-06-09,APAC,Console,Paid Ads
1224,2025-04-19,NA-East,Console,Paid Ads
1225,2025-03-11,APAC,PC,Paid Ads
1226,2025-06-10,EU,Console,Streamer
1227,2025-01-18,APAC,Console,Friend Referral
1228,2025-06-13,NA-West,PC,Paid Ads
1229,2025-01-26,EU,PC,Organic
1230,2025-02-17,EU,PC,Streamer
1231,2025-05-17,APAC,PC,Paid Ads
1232,2025-05-02,APAC,PC,Friend Referral
1233,2025-06-11,EU,PC,Friend Referral
1234,2025-05-05,,PC,Paid Ads
1235,2025-04-16,NA-West,Console,Paid Ads
1236,2025-02-27,APAC,PC,Paid Ads
1237,2025-01-01,NA-West,PC,Friend Referral
1238,2025-01-21,EU,PC,Friend Referral
1239,2025-02-19,EU,Console,Streamer
1240,2025-01-07,NA-East,PC,Paid Ads
1241,2025-03-26,NA-West,PC,Friend Referral
1242,2025-05-10,NA-West,PC,Friend Referral
1243,2025-06-09,APAC,PC,Paid Ads
1244,2025-03-23,EU,Console,Paid Ads
1245,2025-05-26,NA-West,PC,Friend Referral
1246,2025-06-13,EU,PC,Streamer
1247,2025-05-23,NA-West,PC,Streamer
1248,2025-03-19,APAC,Console,Friend Referral
1249,2025-02-23,NA-East,Console,Organic
1250,2025-06-12,NA-West,PC,Friend Referral
1251,2025-02-10,NA-West,Console,Paid Ads
1252,2025-03-10,EU,PC,Friend Referral
1253,2025-01-13,NA-East,Console,Streamer
1254,2025-05-12,EU,Console,Organic
1255,2025-04-18,NA-East,PC,Organic
1256,2025-01-15,NA-East,PC,Streamer
1257,2025-02-06,NA-West,PC,Streamer
1258,2025-04-03,NA-West,PC,Friend Referral
1259,2025-03-31,APAC,PC,Organic
1260,2025-05-14,NA-West,PC,Friend Referral
1261,2025-02-14,APAC,PC,Friend Referral
1262,2025-06-03,NA-East,PC,Friend Referral
1263,2025-03-15,NA-West,PC,Organic
1264,2025-05-17,NA-West,PC,Organic
1265,2025-02-09,NA-West,PC,Paid Ads
1266,2025-01-07,EU,PC,Paid Ads
1267,2025-01-10,EU,Console,Paid Ads
1268,2025-03-03,NA-East,Console,Friend Referral
1269,2025-06-08,EU,PC,Organic
1270,2025-01-09,EU,PC,Friend Referral
1271,2025-03-03,APAC,PC,Streamer
1272,2025-01-19,APAC,Console,Friend Referral
1273,2025-06-04,EU,PC,Paid Ads
1274,2025-04-23,APAC,Console,Friend Referral
1275,2025-05-07,EU,PC,Streamer
1276,2025-04-29,NA-East,PC,Friend Referral
1277,2025-04-20,EU,PC,Friend Referral
1278,2025-05-09,NA-West,Console,Paid Ads
1279,2025-01-02,EU,Console,Organic
1280,2025-05-24,APAC,PC,Friend Referral
1281,2025-05-03,NA-West,PC,Friend Referral
1282,2025-05-03,APAC,PC,Streamer
1283,2025-03-07,APAC,Console,Paid Ads
1284,2025-05-13,NA-West,PC,Organic
1285,2025-03-05,EU,Console,Paid Ads
1286,2025-01-09,APAC,PC,Paid Ads
1287,2025-05-31,APAC,PC,Friend Referral
1288,2025-02-08,NA-West,PC,Organic
1289,2025-01-17,NA-East,PC,Organic
1290,2025-04-14,EU,Console,Paid Ads
1291,2025-02-08,NA-West,Console,Friend Referral
1292,2025-05-23,NA-East,Console,Streamer
1293,2025-03-15,NA-West,PC,Organic
1294,2025-01-01,NA-West,Console,Paid Ads
1295,2025-06-07,EU,PC,Organic
1296,2025-03-27,EU,PC,Paid Ads
1297,2025-02-13,EU,PC,Organic
1298,2025-04-23,EU,PC,Friend Referral
1299,2025-03-30,NA-East,PC,Organic
1300,2025-01-05,NA-West,PC,Paid Ads
1301,2025-05-07,NA-West,PC,Organic
1302,2025-03-08,NA-West,PC,Paid Ads
1303,2025-04-27,NA-East,PC,Organic
1304,2025-05-29,NA-West,PC,Friend Referral
1305,2025-04-12,NA-West,Console,Friend Referral
1306,2025-04-22,NA-West,PC,Organic
1307,2025-02-12,EU,PC,Organic
1308,2025-02-09,EU,Console,Organic
1309,2025-03-10,APAC,Console,Paid Ads
1310,2025-05-22,EU,Console,Streamer
1311,2025-03-29,EU,Console,Organic
1312,2025-02-27,NA-West,Console,Paid Ads
1313,2025-05-10,EU,PC,Paid Ads
1314,2025-05-22,NA-West,Console,Paid Ads
1315,2025-05-30,NA-East,Console,Friend Referral
1316,2025-02-19,NA-East,PC,Streamer
1317,2025-04-28,NA-East,Console,Friend Referral
1318,2025-04-08,NA-West,Console,Paid Ads
1319,2025-03-16,EU,Console,Organic
1320,2025-03-07,APAC,Console,Paid Ads
1321,2025-01-20,EU,PC,Streamer
1322,2025-02-15,EU,PC,Streamer
1323,2025-04-02,EU,PC,Organic
1324,2025-05-28,NA-West,Console,Paid Ads
1325,2025-05-24,EU,Console,Organic
1326,2025-02-01,EU,Console,Paid Ads
1327,2025-04-23,NA-West,Console,Organic
1328,2025-01-15,NA-East,Console,Paid Ads
1329,2025-04-23,APAC,PC,Friend Referral
1330,2025-02-26,EU,Console,Organic
1331,2025-03-16,NA-East,PC,Organic
1332,2025-04-30,EU,PC,Organic
1333,2025-03-12,NA-East,PC,Friend Referral
1334,2025-05-15,NA-East,PC,Paid Ads
1335,2025-03-30,NA-West,PC,Paid Ads
1336,2025-06-15,NA-East,PC,Paid Ads
1337,2025-04-16,EU,PC,Paid Ads
1338,2025-02-19,NA-West,Console,Friend Referral
1339,2025-05-09,EU,PC,Friend Referral
1340,2025-03-09,NA-West,PC,Friend Referral
1341,2025-03-30,EU,PC,Organic
1342,2025-01-23,EU,PC,Friend Referral
1343,2025-01-20,EU,PC,Paid Ads
1344,2025-04-06,EU,PC,Paid Ads
1345,2025-01-31,APAC,Console,Paid Ads
1346,2025-06-15,EU,PC,Organic
1347,2025-05-23,EU,Console,Paid Ads
1348,2025-04-27,EU,PC,Organic
1349,2025-05-02,NA-West,Console,Streamer
1350,2025-04-09,NA-West,Console,Organic
1351,2025-01-11,NA-East,PC,Friend Referral
1352,2025-03-07,NA-West,PC,Friend Referral
1353,2025-03-24,NA-East,PC,Organic
1354,2025-06-01,NA-East,PC,Friend Referral
1355,2025-02-06,EU,PC,Organic
1356,2025-03-24,NA-West,PC,Friend Referral
1357,2025-02-27,APAC,Console,Streamer
1358,2025-01-23,NA-East,Console,Organic
1359,2025-01-18,EU,PC,Friend Referral
1360,2025-03-02,NA-West,PC,Streamer
1361,2025-01-14,NA-East,PC,Friend Referral
1362,2025-01-12,NA-West,PC,Paid Ads
1363,2025-02-28,EU,Console,Friend Referral
1364,2025-02-03,NA-East,PC,Friend Referral
1365,2025-04-03,,PC,Organic
1366,2025-01-03,NA-East,PC,Organic
1367,2025-02-20,EU,PC,Paid Ads
1368,2025-03-17,NA-West,PC,Paid Ads
1369,2025-06-09,EU,PC,Organic
1370,2025-04-16,NA-East,PC,Streamer
1371,2025-05-27,NA-East,PC,Friend Referral
1372,2025-02-26,NA-West,Console,Friend Referral
1373,2025-03-16,NA-West,PC,Streamer
1374,2025-03-11,NA-West,Console,Streamer
1375,2025-05-28,APAC,PC,Friend Referral
1376,2025-06-09,NA-East,PC,Organic
1377,2025-06-09,,Console,Organic
1378,2025-05-05,APAC,PC,Organic
1379,2025-03-25,NA-West,PC,Paid Ads
1380,2025-03-31,NA-East,PC,Organic
1381,2025-06-12,EU,Console,Paid Ads
1382,2025-02-17,APAC,Console,Organic
1383,2025-02-27,EU,PC,Friend Referral
1384,2025-05-29,NA-East,PC,Friend Referral
1385,2025-03-06,APAC,PC,Friend Referral
1386,2025-02-09,NA-West,PC,Friend Referral
1387,2025-04-04,APAC,PC,Streamer
1388,2025-02-24,APAC,PC,Streamer
1389,2025-05-28,APAC,Console,Paid Ads
1390,2025-05-31,NA-West,PC,Organic
1391,2025-02-20,NA-West,Console,Streamer
1392,2025-03-29,EU,Console,Streamer
1393,2025-06-13,EU,Console,Streamer
1394,2025-05-04,EU,PC,Friend Referral
1395,2025-02-05,APAC,PC,Organic
1396,2025-04-09,EU,PC,Paid Ads
1397,2025-04-13,NA-East,PC,Friend Referral
1398,2025-04-19,NA-East,PC,Organic
1399,2025-01-05,NA-West,PC,Friend Referral
1400,2025-02-19,NA-West,PC,Friend Referral
1401,2025-05-22,NA-West,PC,Organic
1402,2025-02-10,APAC,Console,Paid Ads
1403,2025-02-19,EU,Console,Paid Ads
1404,2025-02-23,EU,PC,Friend Referral
1405,2025-01-30,NA-East,Console,Organic
1406,2025-01-26,EU,PC,Streamer
1407,2025-02-27,APAC,PC,Friend Referral
1408,2025-05-26,APAC,Console,Friend Referral
1409,2025-01-01,EU,PC,Friend Referral
1410,2025-02-17,APAC,PC,Friend Referral
1411,2025-01-11,EU,PC,Paid Ads
1412,2025-04-04,NA-East,PC,Organic
1413,2025-02-11,APAC,PC,Streamer
1414,2025-05-12,NA-East,PC,Organic
1415,2025-04-08,NA-East,PC,Streamer
1416,2025-05-11,NA-East,PC,Paid Ads
1417,2025-04-16,EU,PC,Organic
1418,2025-03-14,EU,PC,Friend Referral
1419,2025-05-23,EU,Console,Organic
1420,2025-03-21,NA-East,Console,Streamer
1421,2025-06-07,NA-West,PC,Paid Ads
1422,2025-06-15,APAC,Console,Friend Referral
1423,2025-04-08,NA-East,PC,Friend Referral
1424,2025-04-22,APAC,PC,Streamer
1425,2025-02-12,NA-West,PC,Paid Ads
1426,2025-05-16,EU,PC,Friend Referral
1427,2025-04-22,EU,Console,Friend Referral
1428,2025-05-30,APAC,Console,Organic
1429,2025-02-14,NA-West,PC,Paid Ads
1430,2025-05-11,APAC,PC,Friend Referral
1431,2025-03-20,EU,PC,Paid Ads
1432,2025-01-31,EU,PC,Friend Referral
1433,2025-01-29,EU,PC,Friend Referral
1434,2025-04-04,NA-West,Console,Friend Referral
1435,2025-02-23,NA-East,Console,Paid Ads
1436,2025-01-17,NA-West,Console,Friend Referral
1437,2025-03-12,NA-East,PC,Streamer
1438,2025-04-19,EU,PC,Organic
1439,2025-02-22,NA-East,PC,Paid Ads
1440,2025-06-08,NA-West,Console,Streamer
1441,2025-05-10,NA-West,PC,Paid Ads
1442,2025-03-27,NA-West,PC,Organic
1443,2025-06-05,NA-West,PC,Paid Ads
1444,2025-03-13,EU,Console,Organic
1445,2025-01-24,NA-West,Console,Organic
1446,2025-01-06,APAC,PC,Paid Ads
1447,2025-06-05,NA-West,PC,Paid Ads
1448,2025-06-09,NA-West,Console,Organic
1449,2025-05-03,APAC,PC,Streamer
1450,2025-01-18,NA-West,PC,Friend Referral
1451,2025-02-18,NA-East,PC,Streamer
1452,2025-01-07,APAC,PC,Paid Ads
1453,2025-01-09,APAC,PC,Streamer
1454,2025-02-10,EU,Console,Paid Ads
1455,2025-04-05,NA-West,PC,Streamer
1456,2025-01-11,EU,PC,Paid Ads
1457,2025-06-13,,PC,Organic
1458,2025-03-17,APAC,PC,Friend Referral
1459,2025-02-13,NA-West,PC,Paid Ads
1460,2025-03-27,NA-East,PC,Organic
1461,2025-05-12,NA-East,PC,Streamer
1462,2025-02-21,NA-West,PC,Organic
1463,2025-01-08,EU,Console,Streamer
1464,2025-01-09,NA-West,PC,Friend Referral
1465,2025-05-22,NA-East,PC,Paid Ads
1466,2025-01-19,NA-West,PC,Streamer
1467,2025-04-16,NA-East,PC,Friend Referral
1468,2025-03-05,NA-West,PC,Paid Ads
1469,2025-05-10,NA-East,Console,Organic
1470,2025-01-11,NA-West,PC,Paid Ads
1471,2025-05-30,,Console,Paid Ads
1472,2025-04-26,NA-West,PC,Organic
1473,2025-03-16,EU,Console,Organic
1474,2025-02-04,NA-West,PC,Friend Referral
1475,2025-06-12,NA-West,PC,Organic
1476,2025-02-20,NA-West,PC,Paid Ads
1477,2025-03-23,NA-West,PC,Organic
1478,2025-03-07,NA-West,Console,Streamer
1479,2025-02-08,NA-East,Console,Streamer
1480,2025-03-11,EU,PC,Streamer
1481,2025-01-26,NA-West,PC,Friend Referral
1482,2025-01-01,NA-East,PC,Organic
1483,2025-02-18,EU,PC,Paid Ads
1484,2025-01-19,NA-West,Console,Paid Ads
1485,2025-03-10,NA-East,PC,Streamer
1486,2025-05-24,NA-West,Console,Friend Referral
1487,2025-01-27,NA-West,PC,Organic
1488,2025-01-01,NA-East,Console,Streamer
1489,2025-01-19,APAC,PC,Paid Ads
1490,2025-03-26,APAC,PC,Organic
1491,2025-02-15,APAC,Console,Paid Ads
1492,2025-03-23,NA-East,PC,Organic
1493,2025-01-05,NA-West,PC,Friend Referral
1494,2025-02-25,NA-East,PC,Friend Referral
1495,2025-03-10,NA-West,PC,Friend Referral
1496,2025-03-13,NA-West,Console,Organic
1497,2025-04-02,NA-West,Console,Organic
1498,2025-05-10,NA-East,PC,Friend Referral
1499,2025-03-19,NA-East,Console,Organic
1500,2025-05-20,NA-West,PC,Friend Referral
1501,2025-03-29,EU,Console,Friend Referral
1502,2025-02-13,NA-East,PC,Paid Ads
1503,2025-02-08,APAC,PC,Paid Ads
1504,2025-02-23,NA-West,PC,Organic
1505,2025-04-10,EU,PC,Organic
1506,2025-02-10,NA-West,Console,Paid Ads
1507,2025-06-01,NA-East,PC,Streamer
1508,2025-03-21,NA-West,PC,Streamer
1509,2025-05-24,NA-West,PC,Streamer
1510,2025-04-24,EU,PC,Paid Ads
1511,2025-02-25,NA-West,PC,Streamer
1512,2025-02-07,NA-West,PC,Friend Referral
1513,2025-05-04,APAC,Console,Paid Ads
1514,2025-02-24,NA-West,PC,Streamer
1515,2025-02-10,EU,Console,Paid Ads
1516,2025-06-04,EU,Console,Friend Referral
1517,2025-03-22,NA-West,PC,Friend Referral
1518,2025-01-09,NA-East,PC,Organic
1519,2025-03-24,NA-West,Console,Friend Referral
1520,2025-03-18,EU,Console,Paid Ads
1521,2025-05-24,NA-West,PC,Paid Ads
1522,2025-04-29,NA-West,Console,Organic
1523,2025-02-01,,Console,Paid Ads
1524,2025-01-25,APAC,PC,Friend Referral
1525,2025-04-11,EU,Console,Friend Referral
1526,2025-01-08,APAC,PC,Friend Referral
1527,2025-02-22,EU,Console,Friend Referral
1528,2025-01-23,EU,Console,Paid Ads
1529,2025-01-04,NA-East,PC,Paid Ads
1530,2025-06-02,APAC,PC,Paid Ads
1531,2025-01-15,EU,PC,Friend Referral
1532,2025-01-02,NA-East,Console,Paid Ads
1533,2025-06-04,EU,PC,Organic
1534,2025-02-01,EU,Console,Friend Referral
1535,2025-05-16,NA-West,PC,Friend Referral
1536,2025-01-06,NA-East,PC,Paid Ads
1537,2025-01-26,NA-East,Console,Streamer
1538,2025-01-19,APAC,PC,Organic
1539,2025-04-28,NA-East,PC,Paid Ads
1540,2025-04-13,APAC,PC,Organic
1541,2025-03-20,NA-East,PC,Friend Referral
1542,2025-02-10,EU,PC,Paid Ads
1543,2025-01-15,NA-West,PC,Paid Ads
1544,2025-04-05,APAC,PC,Streamer
1545,2025-02-08,NA-East,PC,Paid Ads
1546,2025-04-08,NA-West,PC,Organic
1547,2025-04-25,NA-West,PC,Streamer
1548,2025-05-22,NA-West,PC,Streamer
1549,2025-03-24,NA-East,Console,Friend Referral
1550,2025-01-01,EU,PC,Organic
1551,2025-02-16,APAC,PC,Organic
1552,2025-05-22,EU,PC,Paid Ads
1553,2025-03-30,EU,Console,Streamer
1554,2025-04-13,NA-East,Console,Paid Ads
1555,2025-03-17,APAC,Console,Friend Referral
1556,2025-01-28,APAC,Console,Organic
1557,2025-05-29,NA-West,PC,Friend Referral
1558,2025-05-09,APAC,Console,Friend Referral
1559,2025-06-15,NA-East,PC,Organic
1560,2025-05-23,APAC,Console,Organic
1561,2025-02-18,APAC,Console,Organic
1562,2025-02-12,EU,Console,Organic
1563,2025-02-11,NA-West,PC,Paid Ads
1564,2025-06-02,EU,Console,Friend Referral
1565,2025-04-03,NA-West,PC,Friend Referral
1566,2025-03-17,EU,PC,Friend Referral
1567,2025-06-10,NA-West,PC,Streamer
1568,2025-04-11,EU,PC,Paid Ads
1569,2025-05-31,APAC,PC,Paid Ads
1570,2025-06-13,,PC,Paid Ads
1571,2025-01-14,NA-East,PC,Paid Ads
1572,2025-03-02,EU,PC,Paid Ads
1573,2025-05-02,NA-East,PC,Friend Referral
1574,2025-05-15,NA-West,PC,Friend Referral
1575,2025-01-25,NA-West,Console,Friend Referral
1576,2025-02-22,,PC,Friend Referral
1577,2025-04-01,EU,Console,Organic
1578,2025-05-13,EU,PC,Friend Referral
1579,2025-01-19,NA-West,PC,Friend Referral
1580,2025-04-10,NA-East,PC,Friend Referral
1581,2025-02-19,NA-East,PC,Friend Referral
1582,2025-02-05,NA-West,PC,Organic
1583,2025-03-27,EU,PC,Organic
1584,2025-03-10,NA-East,PC,Friend Referral
1585,2025-04-16,EU,PC,Paid Ads
1586,2025-02-22,APAC,PC,Organic
1587,2025-05-17,EU,PC,Organic
1588,2025-01-13,EU,Console,Organic
1589,2025-05-24,NA-West,PC,Friend Referral
1590,2025-01-05,NA-West,PC,Organic
1591,2025-05-03,NA-West,PC,Friend Referral
1592,2025-02-27,EU,PC,Friend Referral
1593,2025-03-05,APAC,PC,Streamer
1594,2025-01-04,NA-West,PC,Paid Ads
1595,2025-04-27,NA-West,PC,Organic
1596,2025-01-28,NA-East,PC,Friend Referral
1597,2025-04-20,EU,PC,Paid Ads
1598,2025-05-01,EU,PC,Organic
1599,2025-05-21,EU,PC,Streamer
1600,2025-04-28,APAC,Console,Friend Referral
1601,2025-02-20,NA-West,PC,Organic
1602,2025-05-03,EU,PC,Organic
1603,2025-05-18,EU,PC,Streamer
1604,2025-02-22,NA-East,Console,Streamer
1605,2025-01-21,APAC,Console,Streamer
1606,2025-05-28,NA-West,Console,Organic
1607,2025-01-25,EU,PC,Paid Ads
1608,2025-04-09,EU,PC,Organic
1609,2025-02-09,APAC,Console,Friend Referral
1610,2025-01-21,EU,PC,Paid Ads
1611,2025-05-09,NA-East,Console,Streamer
1612,2025-01-24,APAC,PC,Friend Referral
1613,2025-04-22,EU,PC,Friend Referral
1614,2025-04-26,EU,PC,Organic
1615,2025-01-10,EU,PC,Friend Referral
1616,2025-01-29,NA-West,Console,Organic
1617,2025-05-12,EU,PC,Streamer
1618,2025-03-26,APAC,PC,Organic
1619,2025-01-21,NA-East,PC,Paid Ads
1620,2025-06-14,NA-East,Console,Organic
1621,2025-02-13,APAC,PC,Friend Referral
1622,2025-01-01,EU,Console,Organic
1623,2025-06-03,APAC,Console,Friend Referral
1624,2025-01-03,NA-East,PC,Friend Referral
1625,2025-04-02,APAC,Console,Paid Ads
1626,2025-06-14,NA-West,Console,Streamer
1627,2025-04-06,EU,PC,Organic
1628,2025-04-08,NA-East,PC,Friend Referral
1629,2025-03-06,EU,PC,Streamer
1630,2025-01-22,APAC,PC,Organic
1631,2025-04-06,EU,PC,Streamer
1632,2025-05-29,EU,Console,Streamer
1633,2025-01-16,NA-East,PC,Paid Ads
1634,2025-05-27,EU,PC,Friend Referral
1635,2025-03-10,EU,PC,Paid Ads
1636,2025-03-31,NA-West,PC,Friend Referral
1637,2025-01-28,EU,PC,Friend Referral
1638,2025-04-14,APAC,PC,Streamer
1639,2025-01-31,EU,PC,Organic
1640,2025-02-15,EU,PC,Paid Ads
1641,2025-04-30,NA-East,PC,Friend Referral
1642,2025-01-09,EU,Console,Organic
1643,2025-03-16,NA-West,PC,Paid Ads
1644,2025-04-09,NA-East,PC,Paid Ads
1645,2025-01-22,NA-East,PC,Friend Referral
1646,2025-02-18,NA-West,Console,Paid Ads
1647,2025-02-27,NA-West,PC,Friend Referral
1648,2025-04-21,EU,PC,Streamer
1649,2025-06-12,NA-East,PC,Paid Ads
1650,2025-05-19,NA-East,PC,Paid Ads
1651,2025-02-01,NA-West,PC,Organic
1652,2025-01-04,EU,PC,Friend Referral
1653,2025-01-09,NA-East,PC,Streamer
1654,2025-04-09,NA-East,Console,Organic
1655,2025-01-26,EU,PC,Friend Referral
1656,2025-02-08,NA-West,Console,Paid Ads
1657,2025-05-21,APAC,PC,Paid Ads
1658,2025-05-26,NA-West,PC,Streamer
1659,2025-05-20,NA-East,PC,Paid Ads
1660,2025-02-12,NA-West,PC,Streamer
1661,2025-04-13,EU,PC,Friend Referral
1662,2025-04-12,NA-West,Console,Paid Ads
1663,2025-01-31,APAC,PC,Paid Ads
1664,2025-04-02,NA-East,PC,Paid Ads
1665,2025-03-29,EU,PC,Organic
1666,2025-03-07,NA-West,PC,Friend Referral
1667,2025-05-05,NA-West,PC,Friend Referral
1668,2025-04-23,NA-East,PC,Paid Ads
1669,2025-03-30,EU,PC,Friend Referral
1670,2025-05-01,NA-East,PC,Paid Ads
1671,2025-05-07,APAC,PC,Paid Ads
1672,2025-04-05,EU,PC,Organic
1673,2025-02-14,APAC,PC,Paid Ads
1674,2025-05-06,NA-West,PC,Friend Referral
1675,2025-04-30,EU,Console,Organic
1676,2025-06-13,EU,Console,Friend Referral
1677,2025-01-25,EU,PC,Friend Referral
1678,2025-03-11,APAC,PC,Paid Ads
1679,2025-06-03,EU,Console,Friend Referral
1680,2025-03-27,APAC,PC,Organic
1681,2025-06-06,,PC,Friend Referral
1682,2025-01-03,NA-West,PC,Paid Ads
1683,2025-01-06,EU,PC,Friend Referral
1684,2025-05-13,NA-East,Console,Organic
1685,2025-03-01,APAC,Console,Streamer
1686,2025-03-28,APAC,Console,Organic
1687,2025-03-13,NA-West,Console,Organic
1688,2025-03-09,NA-West,PC,Friend Referral
1689,2025-06-05,NA-West,Console,Paid Ads
1690,2025-01-16,NA-East,PC,Paid Ads
1691,2025-05-09,NA-West,PC,Organic
1692,2025-05-28,EU,PC,Paid Ads
1693,2025-04-20,EU,PC,Paid Ads
1694,2025-03-07,APAC,PC,Streamer
1695,2025-01-27,NA-West,PC,Streamer
1696,2025-04-24,EU,PC,Paid Ads
1697,2025-03-19,NA-West,PC,Organic
1698,2025-01-25,APAC,PC,Organic
1699,2025-03-01,NA-West,PC,Streamer
1700,2025-06-09,NA-West,PC,Friend Referral
1701,2025-02-14,NA-West,PC,Friend Referral
1702,2025-01-30,APAC,Console,Streamer
1703,2025-04-24,NA-West,PC,Streamer
1704,2025-02-03,EU,PC,Paid Ads
1705,2025-06-02,EU,PC,Streamer
1706,2025-05-23,EU,Console,Organic
1707,2025-06-13,NA-West,PC,Paid Ads
1708,2025-06-01,NA-West,PC,Streamer
1709,2025-02-10,NA-East,PC,Organic
1710,2025-02-05,NA-West,Console,Organic
1711,2025-02-26,EU,Console,Paid Ads
1712,2025-03-19,NA-East,PC,Friend Referral
1713,2025-05-27,NA-East,PC,Organic
1714,2025-05-02,NA-West,PC,Organic
1715,2025-04-17,EU,PC,Organic
1716,2025-05-26,NA-West,Console,Organic
1717,2025-04-18,EU,Console,Streamer
1718,2025-03-04,NA-West,Console,Paid Ads
1719,2025-03-10,APAC,Console,Paid Ads
1720,2025-03-27,EU,PC,Organic
1721,2025-01-15,NA-West,Console,Friend Referral
1722,2025-05-04,NA-West,PC,Organic
1723,2025-04-19,NA-East,PC,Streamer
1724,2025-05-02,NA-West,PC,Streamer
1725,2025-03-30,NA-West,PC,Friend Referral
1726,2025-05-10,APAC,Console,Streamer
1727,2025-06-07,EU,Console,Organic
1728,2025-04-05,NA-West,Console,Organic
1729,2025-03-15,EU,Console,Paid Ads
1730,2025-01-18,NA-West,PC,Friend Referral
1731,2025-05-10,APAC,PC,Streamer
1732,2025-05-31,NA-West,Console,Organic
1733,2025-04-27,EU,PC,Paid Ads
1734,2025-05-24,EU,Console,Organic
1735,2025-05-23,NA-West,PC,Organic
1736,2025-05-13,NA-West,PC,Friend Referral
1737,2025-03-25,NA-East,PC,Streamer
1738,2025-01-17,APAC,PC,Friend Referral
1739,2025-01-01,EU,Console,Paid Ads
1740,2025-02-03,EU,Console,Organic
1741,2025-03-13,EU,PC,Organic
1742,2025-05-04,APAC,PC,Organic
1743,2025-03-17,NA-East,PC,Paid Ads
1744,2025-01-04,EU,PC,Organic
1745,2025-02-04,EU,PC,Organic
1746,2025-06-12,NA-West,PC,Paid Ads
1747,2025-06-14,APAC,PC,Friend Referral
1748,2025-03-04,NA-West,PC,Friend Referral
1749,2025-05-14,NA-West,PC,Organic
1750,2025-04-30,APAC,Console,Friend Referral
1751,2025-06-04,NA-East,PC,Paid Ads
1752,2025-05-28,NA-West,PC,Organic
1753,2025-04-15,NA-West,Console,Paid Ads
1754,2025-03-07,EU,Console,Organic
1755,2025-04-15,APAC,Console,Streamer
1756,2025-02-22,NA-West,PC,Streamer
1757,2025-02-27,NA-West,PC,Organic
1758,2025-04-12,NA-East,Console,Friend Referral
1759,2025-04-05,APAC,PC,Friend Referral
1760,2025-04-07,NA-West,PC,Paid Ads
1761,2025-03-05,APAC,Console,Friend Referral
1762,2025-03-09,APAC,PC,Paid Ads
1763,2025-01-02,NA-West,Console,Organic
1764,2025-04-10,APAC,Console,Organic
1765,2025-04-06,EU,PC,Paid Ads
1766,2025-06-05,EU,Console,Paid Ads
1767,2025-03-25,NA-East,PC,Paid Ads
1768,2025-03-19,APAC,Console,Paid Ads
1769,2025-01-12,EU,Console,Paid Ads
1770,2025-02-02,EU,Console,Friend Referral
1771,2025-02-26,APAC,PC,Streamer
1772,2025-03-04,NA-East,Console,Paid Ads
1773,2025-03-02,APAC,Console,Streamer
1774,2025-03-07,APAC,PC,Streamer
1775,2025-05-08,NA-West,PC,Friend Referral
1776,2025-01-22,NA-West,PC,Paid Ads
1777,2025-02-25,NA-East,Console,Paid Ads
1778,2025-01-28,APAC,PC,Organic
1779,2025-02-21,NA-West,PC,Paid Ads
1780,2025-04-24,EU,Console,Friend Referral
1781,2025-01-08,NA-West,Console,Friend Referral
1782,2025-02-26,NA-East,Console,Organic
1783,2025-01-04,EU,PC,Paid Ads
1784,2025-06-08,NA-West,PC,Paid Ads
1785,2025-05-01,APAC,PC,Friend Referral
1786,2025-02-10,NA-West,PC,Organic
1787,2025-02-02,APAC,Console,Friend Referral
1788,2025-01-17,NA-West,PC,Organic
1789,2025-03-20,APAC,PC,Organic
1790,2025-05-06,EU,PC,Friend Referral
1791,2025-04-07,NA-West,PC,Streamer
1792,2025-05-27,NA-West,Console,Friend Referral
1793,2025-02-27,NA-West,Console,Friend Referral
1794,2025-02-16,EU,PC,Streamer
1795,2025-03-21,APAC,PC,Friend Referral
1796,2025-02-03,NA-East,PC,Streamer
1797,2025-06-11,NA-East,PC,Organic
1798,2025-01-31,EU,Console,Friend Referral
1799,2025-03-21,EU,PC,Organic
1800,2025-03-28,EU,PC,Friend Referral
1801,2025-01-10,NA-East,Console,Streamer
1802,2025-03-19,EU,PC,Paid Ads
1803,2025-03-17,APAC,PC,Paid Ads
1804,2025-02-13,NA-East,PC,Organic
1805,2025-01-22,NA-West,PC,Streamer
1806,2025-01-08,NA-West,PC,Friend Referral
1807,2025-01-02,EU,Console,Organic
1808,2025-03-21,NA-East,Console,Streamer
1809,2025-01-15,APAC,PC,Friend Referral
1810,2025-06-09,EU,PC,Friend Referral
1811,2025-02-10,EU,PC,Organic
1812,2025-04-19,EU,PC,Organic
1813,2025-04-22,NA-West,PC,Paid Ads
1814,2025-03-24,APAC,PC,Friend Referral
1815,2025-05-27,NA-West,PC,Streamer
1816,2025-01-19,EU,Console,Organic
1817,2025-02-08,APAC,Console,Paid Ads
1818,2025-02-11,EU,PC,Paid Ads
1819,2025-01-23,APAC,Console,Paid Ads
1820,2025-02-18,NA-East,PC,Friend Referral
1821,2025-02-21,APAC,Console,Friend Referral
1822,2025-05-07,EU,PC,Paid Ads
1823,2025-02-20,EU,PC,Streamer
1824,2025-05-26,NA-West,PC,Organic
1825,2025-05-09,NA-West,PC,Friend Referral
1826,2025-05-30,EU,PC,Paid Ads
1827,2025-01-18,NA-West,PC,Organic
1828,2025-06-13,EU,PC,Organic
1829,2025-04-12,APAC,PC,Streamer
1830,2025-06-13,APAC,PC,Organic
1831,2025-02-28,NA-West,PC,Organic
1832,2025-06-08,APAC,PC,Paid Ads
1833,2025-04-08,NA-West,PC,Organic
1834,2025-01-12,NA-East,PC,Organic
1835,2025-03-10,APAC,PC,Organic
1836,2025-01-23,NA-West,Console,Organic
1837,2025-06-06,NA-West,PC,Friend Referral
1838,2025-02-20,NA-West,PC,Paid Ads
1839,2025-02-06,EU,PC,Organic
1840,2025-04-02,APAC,PC,Friend Referral
1841,2025-03-12,NA-West,PC,Paid Ads
1842,2025-01-17,NA-West,PC,Organic
1843,2025-05-16,EU,Console,Friend Referral
1844,2025-05-21,NA-West,PC,Friend Referral
1845,2025-05-04,EU,PC,Organic
1846,2025-04-13,APAC,PC,Friend Referral
1847,2025-03-08,EU,PC,Organic
1848,2025-04-01,APAC,Console,Streamer
1849,2025-03-28,EU,PC,Streamer
1850,2025-01-28,APAC,PC,Streamer
1851,2025-01-14,NA-West,Console,Organic
1852,2025-02-12,NA-West,PC,Paid Ads
1853,2025-03-17,EU,PC,Friend Referral
1854,2025-01-27,NA-West,Console,Organic
1855,2025-01-18,APAC,PC,Streamer
1856,2025-05-22,EU,PC,Paid Ads
1857,2025-03-04,APAC,Console,Organic
1858,2025-04-07,NA-East,PC,Streamer
1859,2025-03-28,NA-East,PC,Organic
1860,2025-05-03,EU,PC,Friend Referral
1861,2025-05-03,NA-West,PC,Organic
1862,2025-02-19,EU,PC,Organic
1863,2025-05-21,EU,PC,Streamer
1864,2025-03-03,APAC,PC,Friend Referral
1865,2025-05-19,EU,Console,Organic
1866,2025-03-09,NA-West,PC,Paid Ads
1867,2025-01-19,NA-East,Console,Streamer
1868,2025-05-07,EU,Console,Streamer
1869,2025-01-06,NA-West,Console,Streamer
1870,2025-05-09,NA-East,Console,Streamer
1871,2025-01-08,NA-West,Console,Paid Ads
1872,2025-02-04,NA-West,PC,Organic
1873,2025-04-11,EU,PC,Streamer
1874,2025-06-06,NA-West,Console,Organic
1875,2025-03-09,EU,PC,Organic
1876,2025-01-21,NA-West,PC,Friend Referral
1877,2025-02-08,EU,Console,Organic
1878,2025-05-29,NA-West,PC,Paid Ads
1879,2025-05-01,APAC,PC,Streamer
1880,2025-01-17,NA-West,PC,Friend Referral
1881,2025-03-05,EU,PC,Friend Referral
1882,2025-02-13,NA-East,PC,Friend Referral
1883,2025-01-30,NA-West,PC,Paid Ads
1884,2025-05-21,NA-East,Console,Organic
1885,2025-04-13,APAC,PC,Organic
1886,2025-01-30,APAC,PC,Paid Ads
1887,2025-04-19,NA-East,Console,Friend Referral
1888,2025-03-10,NA-West,Console,Friend Referral
1889,2025-01-11,EU,PC,Organic
1890,2025-03-16,EU,PC,Organic
1891,2025-01-31,NA-West,PC,Paid Ads
1892,2025-02-10,EU,Console,Friend Referral
1893,2025-05-26,EU,PC,Friend Referral
1894,2025-04-28,EU,PC,Streamer
1895,2025-01-23,NA-East,Console,Paid Ads
1896,2025-05-22,NA-East,PC,Organic
1897,2025-04-06,NA-West,PC,Paid Ads
1898,2025-05-26,EU,Console,Organic
1899,2025-05-05,NA-West,Console,Organic
1900,2025-02-26,EU,PC,Paid Ads
1901,2025-03-30,EU,PC,Organic
1902,2025-03-30,EU,PC,Organic
1903,2025-04-30,NA-West,PC,Streamer
1904,2025-02-11,NA-West,PC,Paid Ads
1905,2025-02-25,NA-East,Console,Streamer
1906,2025-02-10,EU,PC,Streamer
1907,2025-02-19,APAC,PC,Organic
1908,2025-01-27,NA-East,PC,Paid Ads
1909,2025-01-07,APAC,Console,Friend Referral
1910,2025-06-06,NA-West,PC,Paid Ads
1911,2025-01-13,NA-East,PC,Organic
1912,2025-05-28,NA-West,PC,Organic
1913,2025-01-01,EU,PC,Organic
1914,2025-05-10,NA-West,Console,Paid Ads
1915,2025-02-24,NA-West,Console,Organic
1916,2025-03-27,EU,PC,Friend Referral
1917,2025-02-16,EU,PC,Streamer
1918,2025-03-23,NA-West,Console,Paid Ads
1919,2025-03-16,NA-West,PC,Friend Referral
1920,2025-03-29,EU,Console,Organic
1921,2025-03-07,NA-East,PC,Streamer
1922,2025-03-31,NA-West,PC,Friend Referral
1923,2025-05-18,EU,PC,Friend Referral
1924,2025-03-14,NA-West,PC,Streamer
1925,2025-03-01,EU,PC,Organic
1926,2025-01-22,NA-East,Console,Friend Referral
1927,2025-03-01,NA-West,PC,Organic
1928,2025-01-21,NA-West,PC,Organic
1929,2025-01-31,NA-West,PC,Friend Referral
1930,2025-06-08,NA-West,Console,Paid Ads
1931,2025-01-15,NA-East,PC,Organic
1932,2025-03-22,,PC,Paid Ads
1933,2025-05-19,APAC,PC,Paid Ads
1934,2025-06-08,NA-East,PC,Streamer
1935,2025-01-25,EU,Console,Organic
1936,2025-01-28,EU,PC,Paid Ads
1937,2025-03-03,APAC,PC,Organic
1938,2025-04-03,NA-West,Console,Paid Ads
1939,2025-06-09,NA-West,PC,Friend Referral
1940,2025-02-04,NA-East,PC,Paid Ads
1941,2025-01-28,NA-West,PC,Organic
1942,2025-02-12,NA-East,Console,Paid Ads
1943,2025-05-26,APAC,Console,Organic
1944,2025-01-05,APAC,PC,Organic
1945,2025-03-05,NA-West,Console,Paid Ads
1946,2025-01-20,NA-East,PC,Organic
1947,2025-01-27,NA-East,PC,Paid Ads
1948,2025-06-02,NA-East,PC,Paid Ads
1949,2025-01-01,EU,PC,Paid Ads
1950,2025-02-23,NA-West,PC,Paid Ads
1951,2025-06-01,APAC,Console,Paid Ads
1952,2025-04-11,APAC,PC,Streamer
1953,2025-01-12,EU,Console,Organic
1954,2025-03-19,EU,PC,Friend Referral
1955,2025-06-11,EU,PC,Paid Ads
1956,2025-03-08,NA-East,PC,Organic
1957,2025-03-29,NA-West,PC,Organic
1958,2025-03-30,EU,PC,Organic
1959,2025-04-20,NA-West,PC,Friend Referral
1960,2025-02-01,APAC,Console,Friend Referral
1961,2025-05-20,NA-East,Console,Paid Ads
1962,2025-06-14,NA-East,PC,Paid Ads
1963,2025-01-24,NA-East,PC,Paid Ads
1964,2025-05-16,APAC,PC,Organic
1965,2025-05-16,NA-West,Console,Paid Ads
1966,2025-05-04,NA-West,PC,Paid Ads
1967,2025-03-03,NA-West,PC,Organic
1968,2025-03-19,EU,PC,Organic
1969,2025-05-20,APAC,PC,Organic
1970,2025-01-26,NA-West,PC,Streamer
1971,2025-05-18,APAC,PC,Organic
1972,2025-06-02,NA-West,PC,Organic
1973,2025-04-24,EU,PC,Organic
1974,2025-02-26,NA-West,PC,Organic
1975,2025-04-03,NA-East,PC,Friend Referral
1976,2025-01-09,EU,Console,Paid Ads
1977,2025-06-04,EU,PC,Friend Referral
1978,2025-02-26,NA-West,Console,Paid Ads
1979,2025-01-10,APAC,PC,Organic
1980,2025-05-12,APAC,Console,Friend Referral
1981,2025-04-20,NA-East,Console,Paid Ads
1982,2025-04-14,EU,PC,Paid Ads
1983,2025-01-09,EU,Console,Streamer
1984,2025-05-05,NA-West,PC,Organic
1985,2025-04-16,APAC,Console,Friend Referral
1986,2025-05-12,NA-West,PC,Paid Ads
1987,2025-05-18,EU,PC,Organic
1988,2025-02-05,NA-West,PC,Paid Ads
1989,2025-02-04,NA-West,Console,Organic
1990,2025-06-03,EU,Console,Organic
1991,2025-03-30,EU,PC,Paid Ads
1992,2025-03-14,APAC,Console,Paid Ads
1993,2025-02-17,APAC,Console,Streamer
1994,2025-04-17,NA-West,PC,Streamer
1995,2025-05-06,NA-West,PC,Organic
1996,2025-01-01,NA-East,PC,Paid Ads
1997,2025-04-02,NA-East,PC,Streamer
1998,2025-06-14,NA-East,PC,Organic
1999,2025-02-16,APAC,Console,Friend Referral
2000,2025-02-16,EU,PC,Streamer
2001,2025-05-26,NA-West,PC,Organic
2002,2025-01-11,NA-East,PC,Streamer
2003,2025-03-07,EU,PC,Friend Referral
2004,2025-03-18,NA-East,PC,Streamer
2005,2025-05-13,NA-West,PC,Paid Ads
2006,2025-01-22,NA-East,PC,Paid Ads
2007,2025-03-14,NA-East,PC,Paid Ads
2008,2025-01-26,NA-West,PC,Organic
2009,2025-05-11,EU,Console,Paid Ads
2010,2025-04-15,NA-East,PC,Streamer
2011,2025-03-24,EU,PC,Streamer
2012,2025-03-07,EU,PC,Streamer
2013,2025-01-26,APAC,PC,Paid Ads
2014,2025-06-03,NA-West,Console,Paid Ads
2015,2025-04-18,NA-West,PC,Friend Referral
2016,2025-02-22,NA-East,Console,Paid Ads
2017,2025-03-10,NA-East,Console,Paid Ads
2018,2025-05-01,NA-West,PC,Organic
2019,2025-04-30,EU,PC,Organic
2020,2025-03-18,NA-West,PC,Paid Ads
2021,2025-02-20,NA-West,Console,Organic
2022,2025-04-20,NA-East,PC,Organic
2023,2025-04-20,EU,PC,Organic
2024,2025-04-10,APAC,PC,Paid Ads
2025,2025-01-13,EU,PC,Streamer
2026,2025-03-20,EU,PC,Paid Ads
2027,2025-04-12,EU,PC,Streamer
2028,2025-06-07,EU,PC,Streamer
2029,2025-03-29,NA-West,Console,Organic
2030,2025-02-26,EU,PC,Organic
2031,2025-04-03,EU,PC,Organic
2032,2025-01-30,NA-East,PC,Organic
2033,2025-01-16,EU,Console,Friend Referral
2034,2025-04-23,NA-East,PC,Organic
2035,2025-06-13,EU,Console,Streamer
2036,2025-05-21,NA-West,PC,Paid Ads
2037,2025-04-07,EU,Console,Friend Referral
2038,2025-01-07,APAC,PC,Streamer
2039,2025-06-14,NA-West,Console,Streamer
2040,2025-03-16,NA-East,PC,Paid Ads
2041,2025-02-18,NA-West,Console,Paid Ads
2042,2025-05-29,NA-West,Console,Streamer
2043,2025-05-04,APAC,PC,Paid Ads
2044,2025-05-05,NA-East,PC,Streamer
2045,2025-02-16,NA-East,PC,Organic
2046,2025-06-14,NA-West,PC,Friend Referral
2047,2025-03-17,APAC,PC,Friend Referral
2048,2025-03-30,NA-West,PC,Organic
2049,2025-05-05,EU,PC,Organic
2050,2025-04-20,NA-West,PC,Organic
2051,2025-01-29,NA-West,Console,Organic
2052,2025-02-20,EU,PC,Organic
2053,2025-03-01,NA-West,PC,Friend Referral
2054,2025-06-07,EU,PC,Paid Ads
2055,2025-04-29,NA-West,PC,Paid Ads
2056,2025-03-02,EU,PC,Paid Ads
2057,2025-05-02,EU,PC,Organic
2058,2025-05-03,EU,PC,Paid Ads
2059,2025-03-07,,PC,Organic
2060,2025-03-08,EU,PC,Organic
2061,2025-05-29,APAC,PC,Friend Referral
2062,2025-04-04,NA-West,PC,Streamer
2063,2025-01-25,NA-West,PC,Streamer
2064,2025-04-30,APAC,PC,Paid Ads
2065,2025-04-08,NA-West,PC,Paid Ads
2066,2025-03-26,EU,PC,Friend Referral
2067,2025-05-01,EU,PC,Paid Ads
2068,2025-05-31,NA-West,Console,Organic
2069,2025-02-24,EU,PC,Organic
2070,2025-03-11,EU,PC,Streamer
2071,2025-02-01,NA-East,PC,Streamer
2072,2025-04-18,APAC,PC,Organic
2073,2025-03-08,NA-West,PC,Organic
2074,2025-02-26,NA-East,Console,Organic
2075,2025-04-26,APAC,PC,Friend Referral
2076,2025-03-09,NA-West,PC,Organic
2077,2025-03-19,APAC,PC,Paid Ads
2078,2025-03-15,NA-West,PC,Organic
2079,2025-02-12,NA-East,PC,Organic
2080,2025-01-21,NA-West,PC,Organic
2081,2025-05-18,EU,Console,Paid Ads
2082,2025-01-16,EU,PC,Organic
2083,2025-02-23,APAC,PC,Friend Referral
2084,2025-04-21,APAC,Console,Paid Ads
2085,2025-01-22,EU,Console,Paid Ads
2086,2025-04-19,EU,Console,Organic
2087,2025-05-02,EU,PC,Paid Ads
2088,2025-04-21,APAC,PC,Organic
2089,2025-02-20,EU,Console,Paid Ads
2090,2025-01-04,APAC,PC,Friend Referral
2091,2025-05-28,NA-West,Console,Streamer
2092,2025-02-24,NA-East,PC,Streamer
2093,2025-05-14,EU,Console,Paid Ads
2094,2025-02-02,NA-West,PC,Streamer
2095,2025-01-27,NA-West,PC,Organic
2096,2025-05-10,APAC,PC,Paid Ads
2097,2025-06-05,,PC,Organic
2098,2025-05-23,NA-West,PC,Organic
2099,2025-05-05,NA-East,Console,Friend Referral
2100,2025-02-10,NA-East,PC,Paid Ads
2101,2025-06-01,EU,PC,Paid Ads
2102,2025-04-21,APAC,PC,Streamer
2103,2025-01-29,APAC,PC,Friend Referral
2104,2025-01-22,EU,PC,Streamer
2105,2025-05-25,EU,PC,Streamer
2106,2025-02-15,NA-East,Console,Paid Ads
2107,2025-05-08,APAC,PC,Organic
2108,2025-01-24,NA-West,PC,Friend Referral
2109,2025-02-16,NA-West,Console,Paid Ads
2110,2025-02-17,APAC,PC,Streamer
2111,2025-02-16,APAC,Console,Organic
2112,2025-04-23,NA-East,PC,Organic
2113,2025-06-01,EU,PC,Organic
2114,2025-06-01,NA-East,PC,Organic
2115,2025-05-04,NA-East,PC,Paid Ads
2116,2025-02-03,NA-West,PC,Organic
2117,2025-06-09,NA-West,PC,Friend Referral
2118,2025-03-31,EU,PC,Paid Ads
2119,2025-04-01,NA-East,PC,Friend Referral
2120,2025-04-27,EU,Console,Organic
2121,2025-05-08,,PC,Paid Ads
2122,2025-06-08,APAC,Console,Friend Referral
2123,2025-04-07,EU,Console,Streamer
2124,2025-04-12,APAC,Console,Paid Ads
2125,2025-05-04,NA-West,Console,Streamer
2126,2025-02-12,,Console,Organic
2127,2025-02-21,APAC,PC,Paid Ads
2128,2025-04-14,NA-East,PC,Friend Referral
2129,2025-01-11,NA-West,Console,Paid Ads
2130,2025-02-23,NA-West,PC,Friend Referral
2131,2025-04-30,NA-West,Console,Organic
2132,2025-06-12,NA-East,Console,Organic
2133,2025-03-28,NA-East,PC,Paid Ads
2134,2025-03-08,NA-West,PC,Paid Ads
2135,2025-03-15,EU,PC,Organic
2136,2025-04-24,NA-West,PC,Paid Ads
2137,2025-04-01,NA-East,PC,Paid Ads
2138,2025-01-04,EU,Console,Friend Referral
2139,2025-03-31,NA-West,PC,Organic
2140,2025-03-08,,PC,Streamer
2141,2025-04-27,NA-West,Console,Paid Ads
2142,2025-05-26,NA-West,PC,Paid Ads
2143,2025-06-09,NA-East,Console,Paid Ads
2144,2025-04-12,NA-West,PC,Paid Ads
2145,2025-03-02,NA-West,Console,Organic
2146,2025-03-15,APAC,PC,Streamer
2147,2025-01-30,APAC,PC,Organic
2148,2025-06-05,NA-West,PC,Paid Ads
2149,2025-05-21,NA-East,PC,Streamer
2150,2025-05-22,NA-East,PC,Paid Ads
2151,2025-02-24,APAC,Console,Friend Referral
2152,2025-02-23,APAC,Console,Organic
2153,2025-05-23,NA-West,PC,Friend Referral
2154,2025-04-01,NA-West,PC,Paid Ads
2155,2025-04-27,NA-East,Console,Organic
2156,2025-03-23,APAC,Console,Organic
2157,2025-03-15,APAC,PC,Streamer
2158,2025-04-15,NA-West,PC,Organic
2159,2025-05-15,EU,Console,Organic
2160,2025-02-25,NA-West,PC,Organic
2161,2025-05-15,EU,PC,Paid Ads
2162,2025-02-10,APAC,Console,Friend Referral
2163,2025-03-08,NA-East,PC,Paid Ads
2164,2025-06-01,NA-West,Console,Friend Referral
2165,2025-06-08,EU,PC,Organic
2166,2025-06-03,NA-East,Console,Friend Referral
2167,2025-02-22,APAC,Console,Organic
2168,2025-05-20,NA-East,Console,Paid Ads
2169,2025-06-05,APAC,Console,Organic
2170,2025-06-12,NA-West,Console,Organic
2171,2025-01-04,NA-West,PC,Friend Referral
2172,2025-05-04,NA-East,Console,Organic
2173,2025-06-15,NA-West,Console,Friend Referral
2174,2025-05-07,NA-West,PC,Friend Referral
2175,2025-02-08,,PC,Streamer
2176,2025-05-07,,PC,Organic
2177,2025-01-18,NA-West,PC,Friend Referral
2178,2025-03-21,NA-West,Console,Paid Ads
2179,2025-04-14,NA-West,PC,Organic
2180,2025-03-17,APAC,PC,Paid Ads
2181,2025-04-27,APAC,PC,Streamer
2182,2025-02-09,NA-West,PC,Paid Ads
2183,2025-04-11,EU,Console,Streamer
2184,2025-04-18,EU,PC,Paid Ads
2185,2025-04-16,APAC,PC,Friend Referral
2186,2025-02-18,NA-East,PC,Streamer
2187,2025-02-20,NA-West,Console,Organic
2188,2025-02-12,NA-East,Console,Friend Referral
2189,2025-03-18,APAC,PC,Paid Ads
2190,2025-04-08,EU,PC,Streamer
2191,2025-03-02,NA-East,PC,Streamer
2192,2025-03-10,NA-West,PC,Organic
2193,2025-02-17,EU,Console,Paid Ads
2194,2025-02-06,APAC,PC,Organic
2195,2025-04-20,NA-East,PC,Paid Ads
2196,2025-05-16,EU,PC,Paid Ads
2197,2025-02-18,NA-East,PC,Organic
2198,2025-05-23,NA-East,PC,Paid Ads
2199,2025-04-05,EU,PC,Friend Referral
2200,2025-01-28,EU,PC,Friend Referral
2201,2025-03-02,APAC,PC,Streamer
2202,2025-01-02,NA-East,PC,Paid Ads
2203,2025-01-07,NA-East,Console,Friend Referral
2204,2025-02-25,NA-East,PC,Organic
2205,2025-03-17,NA-West,PC,Organic
2206,2025-05-13,NA-West,PC,Organic
2207,2025-01-23,NA-West,Console,Organic
2208,2025-05-20,NA-East,Console,Organic
2209,2025-02-08,NA-West,Console,Friend Referral
2210,2025-01-23,NA-East,PC,Paid Ads
2211,2025-04-27,EU,Console,Organic
2212,2025-05-09,NA-West,PC,Paid Ads
2213,2025-04-11,EU,Console,Streamer
2214,2025-01-20,APAC,Console,Organic
2215,2025-01-20,EU,PC,Paid Ads
2216,2025-03-06,NA-West,PC,Organic
2217,2025-03-16,NA-East,PC,Friend Referral
2218,2025-06-15,EU,PC,Paid Ads
2219,2025-02-17,EU,Console,Organic
2220,2025-02-01,NA-West,PC,Organic
2221,2025-06-07,NA-East,Console,Streamer
2222,2025-01-26,EU,Console,Organic
2223,2025-01-05,NA-West,PC,Paid Ads
2224,2025-03-12,EU,PC,Paid Ads
2225,2025-03-08,NA-West,PC,Organic
2226,2025-04-13,NA-East,Console,Paid Ads
2227,2025-05-26,APAC,PC,Friend Referral
2228,2025-06-04,NA-West,PC,Organic
2229,2025-02-18,EU,PC,Streamer
2230,2025-06-12,NA-East,Console,Friend Referral
2231,2025-04-16,NA-East,PC,Paid Ads
2232,2025-01-12,APAC,PC,Organic
2233,2025-06-05,NA-East,Console,Organic
2234,2025-01-23,NA-West,PC,Paid Ads
2235,2025-04-08,APAC,PC,Paid Ads
2236,2025-05-12,EU,PC,Organic
2237,2025-02-11,EU,PC,Paid Ads
2238,2025-02-14,NA-West,PC,Friend Referral
2239,2025-03-21,,PC,Organic
2240,2025-05-27,EU,PC,Paid Ads
2241,2025-02-07,NA-West,PC,Paid Ads
2242,2025-04-21,NA-West,PC,Friend Referral
2243,2025-03-17,EU,PC,Paid Ads
2244,2025-01-19,NA-West,PC,Friend Referral
2245,2025-04-29,NA-West,Console,Streamer
2246,2025-05-19,NA-West,Console,Paid Ads
2247,2025-04-06,NA-East,PC,Friend Referral
2248,2025-01-30,EU,Console,Friend Referral
2249,2025-01-26,APAC,Console,Streamer
2250,2025-03-12,NA-West,PC,Streamer
2251,2025-03-26,NA-West,Console,Organic
2252,2025-04-02,EU,Console,Organic
2253,2025-02-10,NA-East,PC,Friend Referral
2254,2025-03-25,NA-East,PC,Streamer
2255,2025-02-18,APAC,PC,Streamer
2256,2025-04-24,EU,PC,Paid Ads
2257,2025-05-13,NA-East,Console,Organic
2258,2025-04-19,APAC,PC,Streamer
2259,2025-01-01,NA-West,PC,Organic
2260,2025-06-14,APAC,PC,Friend Referral
2261,2025-01-04,EU,Console,Friend Referral
2262,2025-06-15,EU,PC,Friend Referral
2263,2025-01-06,APAC,Console,Friend Referral
2264,2025-03-27,EU,PC,Organic
2265,2025-01-18,NA-East,PC,Organic
2266,2025-01-16,NA-West,PC,Paid Ads
2267,2025-04-24,EU,PC,Organic
2268,2025-05-01,EU,PC,Friend Referral
2269,2025-01-20,NA-West,PC,Organic
2270,2025-06-12,EU,PC,Organic
2271,2025-02-23,EU,PC,Organic
2272,2025-02-22,NA-East,Console,Paid Ads
2273,2025-02-19,NA-West,Console,Friend Referral
2274,2025-03-18,NA-East,PC,Organic
2275,2025-01-30,NA-West,Console,Paid Ads
2276,2025-03-12,NA-West,PC,Organic
2277,2025-02-04,NA-East,PC,Paid Ads
2278,2025-01-09,NA-West,PC,Organic
2279,2025-03-03,NA-West,PC,Streamer
2280,2025-04-22,EU,Console,Organic
2281,2025-05-07,NA-East,PC,Friend Referral
2282,2025-02-28,APAC,PC,Paid Ads
2283,2025-02-23,APAC,PC,Friend Referral
2284,2025-05-11,EU,PC,Paid Ads
2285,2025-04-24,APAC,PC,Organic
2286,2025-05-19,APAC,PC,Friend Referral
2287,2025-05-31,NA-East,PC,Streamer
2288,2025-05-17,EU,PC,Streamer
2289,2025-06-05,NA-West,PC,Friend Referral
2290,2025-03-11,EU,Console,Friend Referral
2291,2025-03-07,NA-East,PC,Paid Ads
2292,2025-02-23,NA-West,PC,Paid Ads
2293,2025-02-09,NA-West,PC,Streamer
2294,2025-05-05,APAC,PC,Paid Ads
2295,2025-04-29,NA-East,PC,Friend Referral
2296,2025-05-14,NA-West,PC,Paid Ads
2297,2025-01-28,NA-West,PC,Friend Referral
2298,2025-03-23,NA-East,PC,Organic
2299,2025-02-06,APAC,PC,Paid Ads
2300,2025-05-29,EU,PC,Paid Ads
2301,2025-02-14,NA-East,PC,Organic
2302,2025-01-24,NA-West,PC,Paid Ads
2303,2025-04-05,NA-West,PC,Organic
2304,2025-05-26,NA-East,Console,Organic
2305,2025-06-02,APAC,PC,Paid Ads
2306,2025-01-16,EU,Console,Paid Ads
2307,2025-02-24,NA-East,PC,Friend Referral
2308,2025-01-26,EU,PC,Organic
2309,2025-02-21,NA-East,PC,Friend Referral
2310,2025-03-30,EU,Console,Organic
2311,2025-02-16,EU,PC,Streamer
2312,2025-01-12,EU,PC,Organic
2313,2025-03-26,EU,PC,Streamer
2314,2025-01-09,APAC,PC,Organic
2315,2025-02-07,NA-East,Console,Organic
2316,2025-01-01,NA-West,PC,Friend Referral
2317,2025-01-15,NA-West,PC,Paid Ads
2318,2025-03-14,,PC,Streamer
2319,2025-05-22,EU,PC,Friend Referral
2320,2025-05-09,EU,Console,Friend Referral
2321,2025-01-17,,Console,Organic
2322,2025-01-06,NA-West,Console,Friend Referral
2323,2025-02-26,EU,PC,Friend Referral
2324,2025-04-19,EU,PC,Streamer
2325,2025-05-04,NA-East,PC,Friend Referral
2326,2025-05-17,NA-East,PC,Paid Ads
2327,2025-02-26,,Console,Paid Ads
2328,2025-01-28,NA-East,PC,Organic
2329,2025-01-05,EU,PC,Friend Referral
2330,2025-01-25,APAC,PC,Streamer
2331,2025-01-11,EU,Console,Friend Referral
2332,2025-05-23,NA-West,PC,Friend Referral
2333,2025-02-14,EU,Console,Streamer
2334,2025-05-17,EU,Console,Organic
2335,2025-04-02,NA-East,Console,Streamer
2336,2025-03-31,APAC,PC,Friend Referral
2337,2025-03-17,NA-West,PC,Friend Referral
2338,2025-05-16,NA-West,PC,Organic
2339,2025-01-08,,Console,Friend Referral
2340,2025-01-16,NA-West,Console,Organic
2341,2025-03-12,APAC,PC,Organic
2342,2025-03-07,NA-East,PC,Friend Referral
2343,2025-04-01,NA-West,PC,Organic
2344,2025-05-03,NA-East,PC,Paid Ads
2345,2025-04-08,NA-East,PC,Organic
2346,2025-02-12,NA-East,PC,Organic
2347,2025-02-24,NA-West,Console,Organic
2348,2025-05-05,EU,PC,Friend Referral
2349,2025-02-03,NA-West,PC,Organic
2350,2025-03-25,EU,PC,Organic
2351,2025-03-31,NA-West,PC,Friend Referral
2352,2025-05-05,EU,PC,Paid Ads
2353,2025-04-29,APAC,PC,Paid Ads
2354,2025-03-19,NA-West,PC,Organic
2355,2025-02-21,NA-West,PC,Streamer
2356,2025-03-03,APAC,PC,Paid Ads
2357,2025-03-10,NA-East,PC,Paid Ads
2358,2025-02-06,EU,PC,Organic
2359,2025-04-14,NA-West,PC,Organic
2360,2025-02-04,NA-West,PC,Friend Referral
2361,2025-04-18,EU,PC,Organic
2362,2025-05-05,APAC,PC,Paid Ads
2363,2025-06-09,NA-West,PC,Organic
2364,2025-01-20,EU,Console,Organic
2365,2025-05-07,EU,PC,Organic
2366,2025-01-15,,PC,Organic
2367,2025-02-25,NA-West,PC,Friend Referral
2368,2025-01-30,NA-West,Console,Organic
2369,2025-01-27,NA-East,PC,Friend Referral
2370,2025-01-30,EU,Console,Organic
2371,2025-01-08,,PC,Friend Referral
2372,2025-05-17,NA-West,Console,Streamer
2373,2025-01-11,EU,PC,Streamer
2374,2025-03-08,EU,PC,Friend Referral
2375,2025-04-27,EU,PC,Friend Referral
2376,2025-06-14,EU,PC,Paid Ads
2377,2025-05-22,NA-West,Console,Streamer
2378,2025-01-23,EU,Console,Friend Referral
2379,2025-06-13,NA-East,PC,Organic
2380,2025-04-19,NA-East,PC,Paid Ads
2381,2025-01-30,NA-West,PC,Organic
2382,2025-03-16,EU,PC,Paid Ads
2383,2025-06-02,EU,PC,Organic
2384,2025-03-07,NA-East,PC,Organic
2385,2025-01-31,APAC,PC,Paid Ads
2386,2025-05-26,APAC,Console,Paid Ads
2387,2025-06-08,NA-West,Console,Friend Referral
2388,2025-06-11,EU,Console,Paid Ads
2389,2025-06-08,NA-East,PC,Streamer
2390,2025-05-25,APAC,Console,Friend Referral
2391,2025-03-17,NA-West,PC,Streamer
2392,2025-02-01,NA-West,PC,Friend Referral
2393,2025-04-13,NA-East,PC,Organic
2394,2025-02-06,NA-West,Console,Paid Ads
2395,2025-03-20,EU,PC,Friend Referral
2396,2025-04-19,NA-East,Console,Streamer
2397,2025-06-07,NA-West,PC,Organic
2398,2025-02-17,EU,Console,Organic
2399,2025-02-11,APAC,PC,Organic
2400,2025-05-02,EU,Console,Paid Ads
2401,2025-01-02,NA-East,PC,Paid Ads
2402,2025-04-05,NA-West,PC,Friend Referral
2403,2025-05-04,NA-West,Console,Organic
2404,2025-04-02,APAC,PC,Friend Referral
2405,2025-03-05,EU,PC,Organic
2406,2025-05-18,EU,Console,Paid Ads
2407,2025-03-03,APAC,PC,Paid Ads
2408,2025-04-28,NA-West,Console,Organic
2409,2025-03-19,EU,PC,Friend Referral
2410,2025-01-05,NA-West,Console,Paid Ads
2411,2025-03-30,NA-West,PC,Organic
2412,2025-01-09,NA-East,PC,Friend Referral
2413,2025-06-04,NA-East,Console,Paid Ads
2414,2025-04-10,APAC,PC,Friend Referral
2415,2025-03-03,NA-East,PC,Organic
2416,2025-03-22,APAC,PC,Organic
2417,2025-04-13,EU,PC,Paid Ads
2418,2025-02-13,EU,PC,Organic
2419,2025-02-17,APAC,PC,Paid Ads
2420,2025-03-11,NA-East,Console,Friend Referral
2421,2025-02-12,NA-East,PC,Friend Referral
2422,2025-05-06,,PC,Paid Ads
2423,2025-01-18,NA-West,PC,Friend Referral
2424,2025-05-18,APAC,PC,Organic
2425,2025-02-27,NA-East,PC,Organic
2426,2025-04-04,NA-East,Console,Paid Ads
2427,2025-01-27,NA-West,PC,Friend Referral
2428,2025-03-05,NA-East,PC,Paid Ads
2429,2025-05-06,EU,Console,Friend Referral
2430,2025-02-14,NA-West,PC,Friend Referral
2431,2025-01-22,EU,PC,Organic
2432,2025-03-28,EU,PC,Organic
2433,2025-01-27,EU,PC,Paid Ads
2434,2025-02-22,NA-West,PC,Organic
2435,2025-03-16,EU,Console,Streamer
2436,2025-04-04,NA-West,PC,Organic
2437,2025-04-17,NA-East,PC,Friend Referral
2438,2025-04-23,EU,PC,Organic
2439,2025-05-21,EU,Console,Paid Ads
2440,2025-01-11,NA-West,Console,Organic
2441,2025-03-02,APAC,Console,Friend Referral
2442,2025-01-01,NA-West,PC,Streamer
2443,2025-01-02,EU,Console,Paid Ads
2444,2025-02-05,APAC,PC,Organic
2445,2025-04-10,EU,PC,Paid Ads
2446,2025-05-29,APAC,PC,Friend Referral
2447,2025-05-09,EU,Console,Organic
2448,2025-04-18,EU,PC,Friend Referral
2449,2025-05-10,EU,PC,Paid Ads
2450,2025-01-29,EU,PC,Friend Referral
2451,2025-05-20,NA-West,PC,Paid Ads
2452,2025-05-28,EU,Console,Paid Ads
2453,2025-01-16,NA-West,Console,Friend Referral
2454,2025-03-20,APAC,PC,Organic
2455,2025-05-18,NA-West,PC,Paid Ads
2456,2025-03-21,NA-West,PC,Friend Referral
2457,2025-05-20,APAC,Console,Organic
2458,2025-06-05,NA-West,PC,Organic
2459,2025-03-20,NA-East,PC,Streamer
2460,2025-01-10,EU,PC,Organic
2461,2025-02-26,NA-West,PC,Organic
2462,2025-02-05,NA-West,PC,Organic
2463,2025-03-20,NA-East,PC,Organic
2464,2025-04-08,NA-West,Console,Streamer
2465,2025-03-19,NA-West,PC,Friend Referral
2466,2025-02-02,NA-West,PC,Paid Ads
2467,2025-02-19,NA-East,PC,Paid Ads
2468,2025-04-23,NA-East,PC,Friend Referral
2469,2025-01-05,NA-West,PC,Paid Ads
2470,2025-02-05,EU,PC,Streamer
2471,2025-05-29,EU,Console,Paid Ads
2472,2025-01-17,NA-West,PC,Paid Ads
2473,2025-03-10,NA-East,Console,Friend Referral
2474,2025-02-04,APAC,PC,Paid Ads
2475,2025-01-18,EU,PC,Organic
2476,2025-03-12,NA-East,PC,Paid Ads
2477,2025-03-28,NA-East,Console,Friend Referral
2478,2025-01-30,NA-West,Console,Friend Referral
2479,2025-01-13,APAC,PC,Streamer
2480,2025-01-23,APAC,PC,Paid Ads
2481,2025-04-19,APAC,PC,Organic
2482,2025-05-23,NA-West,PC,Paid Ads
2483,2025-01-30,NA-East,Console,Streamer
2484,2025-02-23,NA-West,PC,Paid Ads
2485,2025-02-27,NA-East,PC,Streamer
2486,2025-03-01,NA-East,Console,Paid Ads
2487,2025-02-10,EU,Console,Streamer
2488,2025-01-10,NA-West,Console,Organic
2489,2025-03-29,APAC,PC,Friend Referral
2490,2025-03-01,NA-West,PC,Paid Ads
2491,2025-02-26,NA-West,PC,Streamer
2492,2025-02-13,APAC,PC,Organic
2493,2025-06-04,EU,PC,Organic
2494,2025-04-12,NA-East,PC,Organic
2495,2025-03-11,EU,PC,Paid Ads
2496,2025-02-04,NA-West,PC,Streamer
2497,2025-05-13,NA-West,PC,Friend Referral
2498,2025-05-28,NA-East,PC,Organic
2499,2025-01-06,NA-East,PC,Organic
2500,2025-06-04,EU,PC,Streamer
2501,2025-04-27,NA-West,Console,Organic
2502,2025-01-17,EU,Console,Organic
2503,2025-05-06,EU,PC,Organic
2504,2025-01-18,NA-West,PC,Paid Ads
2505,2025-01-09,,PC,Friend Referral
2506,2025-01-20,NA-East,PC,Organic
2507,2025-03-18,EU,PC,Organic
2508,2025-04-13,EU,Console,Streamer
2509,2025-03-09,EU,PC,Friend Referral
2510,2025-01-21,NA-East,PC,Friend Referral
2511,2025-02-03,NA-West,Console,Organic
2512,2025-05-22,EU,PC,Organic
2513,2025-06-09,NA-West,PC,Paid Ads
2514,2025-05-06,EU,PC,Paid Ads
2515,2025-01-18,NA-West,Console,Friend Referral
2516,2025-05-17,NA-West,PC,Streamer
2517,2025-04-25,EU,PC,Friend Referral
2518,2025-03-29,NA-East,Console,Streamer
2519,2025-01-24,EU,PC,Organic
2520,2025-06-15,NA-East,Console,Organic
2521,2025-03-15,APAC,PC,Streamer
2522,2025-01-08,,PC,Streamer
2523,2025-02-04,APAC,PC,Paid Ads
2524,2025-03-08,EU,Console,Paid Ads
2525,2025-01-11,EU,PC,Paid Ads
2526,2025-02-23,EU,PC,Paid Ads
2527,2025-03-19,NA-East,Console,Organic
2528,2025-06-07,NA-East,PC,Friend Referral
2529,2025-01-15,EU,Console,Paid Ads
2530,2025-04-06,NA-West,PC,Friend Referral
2531,2025-06-02,NA-West,PC,Streamer
2532,2025-05-14,APAC,Console,Friend Referral
2533,2025-06-03,NA-West,Console,Organic
2534,2025-01-29,EU,PC,Organic
2535,2025-05-14,EU,Console,Paid Ads
2536,2025-06-12,NA-West,Console,Organic
2537,2025-02-24,APAC,Console,Streamer
2538,2025-03-24,NA-West,PC,Organic
2539,2025-03-30,,PC,Friend Referral
2540,2025-03-23,EU,PC,Paid Ads
2541,2025-02-18,NA-West,PC,Friend Referral
2542,2025-06-11,NA-West,PC,Paid Ads
2543,2025-06-08,NA-East,PC,Organic
2544,2025-03-05,NA-East,PC,Friend Referral
2545,2025-05-14,NA-West,PC,Friend Referral
2546,2025-03-07,APAC,PC,Streamer
2547,2025-05-12,NA-West,PC,Organic
2548,2025-04-08,APAC,PC,Organic
2549,2025-03-20,NA-West,Console,Paid Ads
2550,2025-01-22,APAC,Console,Streamer
2551,2025-04-19,NA-West,PC,Paid Ads
2552,2025-02-23,NA-East,PC,Paid Ads
2553,2025-02-05,EU,PC,Friend Referral
2554,2025-02-02,NA-West,PC,Friend Referral
2555,2025-06-12,APAC,Console,Streamer
2556,2025-01-18,NA-West,PC,Streamer
2557,2025-05-13,EU,PC,Paid Ads
2558,2025-05-24,EU,PC,Paid Ads
2559,2025-01-06,EU,Console,Streamer
2560,2025-04-08,NA-West,Console,Organic
2561,2025-04-06,NA-West,Console,Organic
2562,2025-03-01,NA-West,PC,Streamer
2563,2025-04-21,NA-East,Console,Friend Referral
2564,2025-03-09,,PC,Organic
2565,2025-03-14,APAC,PC,Friend Referral
2566,2025-03-13,EU,Console,Paid Ads
2567,2025-05-13,EU,PC,Paid Ads
2568,2025-04-16,NA-East,Console,Paid Ads
2569,2025-03-04,NA-West,PC,Organic
2570,2025-06-03,EU,PC,Friend Referral
2571,2025-05-14,NA-West,PC,Organic
2572,2025-06-04,NA-East,Console,Streamer
2573,2025-05-02,NA-East,PC,Organic
2574,2025-03-06,EU,Console,Paid Ads
2575,2025-05-09,APAC,PC,Friend Referral
2576,2025-02-24,NA-West,Console,Paid Ads
2577,2025-02-14,NA-East,PC,Friend Referral
2578,2025-03-16,NA-West,PC,Paid Ads
2579,2025-06-10,NA-East,Console,Paid Ads
2580,2025-04-05,EU,Console,Organic
2581,2025-03-05,NA-West,PC,Friend Referral
2582,2025-03-18,EU,PC,Friend Referral
2583,2025-02-18,NA-East,PC,Organic
2584,2025-04-20,NA-West,Console,Paid Ads
2585,2025-02-28,,PC,Organic
2586,2025-04-03,NA-East,Console,Paid Ads
2587,2025-03-03,EU,PC,Organic
2588,2025-02-23,NA-East,Console,Paid Ads
2589,2025-06-11,APAC,PC,Organic
2590,2025-02-27,NA-West,PC,Friend Referral
2591,2025-01-12,NA-East,PC,Organic
2592,2025-03-04,EU,PC,Paid Ads
2593,2025-03-30,NA-East,PC,Organic
2594,2025-01-16,NA-East,PC,Paid Ads
2595,2025-02-20,APAC,Console,Friend Referral
2596,2025-01-28,EU,PC,Streamer
2597,2025-03-25,EU,PC,Paid Ads
2598,2025-05-01,EU,Console,Paid Ads
2599,2025-06-10,APAC,PC,Paid Ads
2600,2025-03-06,APAC,PC,Organic
2601,2025-05-24,EU,Console,Paid Ads
2602,2025-02-05,NA-West,Console,Friend Referral
2603,2025-05-10,NA-West,Console,Paid Ads
2604,2025-04-04,EU,Console,Organic
2605,2025-05-06,APAC,PC,Friend Referral
2606,2025-05-06,NA-East,PC,Paid Ads
2607,2025-03-30,NA-West,PC,Friend Referral
2608,2025-02-12,NA-West,Console,Organic
2609,2025-03-29,EU,Console,Friend Referral
2610,2025-05-18,APAC,PC,Paid Ads
2611,2025-06-11,NA-West,PC,Organic
2612,2025-06-03,EU,PC,Friend Referral
2613,2025-01-31,EU,PC,Streamer
2614,2025-04-10,APAC,Console,Streamer
2615,2025-01-18,NA-West,PC,Organic
2616,2025-04-22,APAC,PC,Friend Referral
2617,2025-06-14,EU,Console,Organic
2618,2025-01-09,EU,PC,Streamer
2619,2025-04-19,NA-West,PC,Friend Referral
2620,2025-06-06,EU,PC,Friend Referral
2621,2025-05-21,EU,PC,Organic
2622,2025-03-07,NA-East,PC,Friend Referral
2623,2025-01-18,NA-East,PC,Organic
2624,2025-06-03,EU,PC,Paid Ads
2625,2025-06-02,EU,PC,Friend Referral
2626,2025-04-07,NA-West,PC,Friend Referral
2627,2025-06-12,NA-East,PC,Paid Ads
2628,2025-01-01,NA-West,Console,Organic
2629,2025-04-13,APAC,PC,Organic
2630,2025-01-07,APAC,PC,Friend Referral
2631,2025-06-05,NA-West,Console,Paid Ads
2632,2025-04-23,NA-West,PC,Organic
2633,2025-06-01,NA-West,PC,Paid Ads
2634,2025-04-04,NA-East,Console,Friend Referral
2635,2025-01-14,APAC,PC,Friend Referral
2636,2025-01-05,,PC,Friend Referral
2637,2025-02-25,NA-West,Console,Organic
2638,2025-05-04,NA-West,PC,Organic
2639,2025-01-26,NA-West,PC,Paid Ads
2640,2025-05-22,APAC,PC,Friend Referral
2641,2025-02-09,EU,PC,Friend Referral
2642,2025-03-24,EU,Console,Streamer
2643,2025-02-03,NA-East,PC,Organic
2644,2025-03-19,APAC,PC,Friend Referral
2645,2025-03-17,NA-East,PC,Friend Referral
2646,2025-01-01,APAC,Console,Organic
2647,2025-04-05,APAC,PC,Streamer
2648,2025-05-11,NA-East,PC,Streamer
2649,2025-06-05,APAC,PC,Organic
2650,2025-02-24,NA-West,PC,Streamer
2651,2025-05-27,EU,PC,Organic
2652,2025-05-26,NA-West,Console,Streamer
2653,2025-06-14,NA-East,PC,Paid Ads
2654,2025-03-03,NA-West,PC,Organic
2655,2025-05-22,NA-West,PC,Friend Referral
2656,2025-04-04,NA-West,PC,Paid Ads
2657,2025-01-10,NA-East,PC,Organic
2658,2025-02-14,EU,Console,Friend Referral
2659,2025-04-22,NA-East,PC,Paid Ads
2660,2025-01-27,NA-East,Console,Organic
2661,2025-03-14,APAC,PC,Organic
2662,2025-05-09,APAC,PC,Organic
2663,2025-01-25,NA-West,PC,Paid Ads
2664,2025-03-24,NA-East,PC,Friend Referral
2665,2025-02-05,EU,PC,Friend Referral
2666,2025-03-31,EU,Console,Organic
2667,2025-02-09,NA-East,Console,Organic
2668,2025-06-10,EU,Console,Paid Ads
2669,2025-01-13,NA-West,Console,Organic
2670,2025-06-09,NA-East,PC,Paid Ads
2671,2025-05-12,EU,PC,Friend Referral
2672,2025-05-23,EU,PC,Paid Ads
2673,2025-05-22,APAC,Console,Friend Referral
2674,2025-02-01,NA-West,PC,Paid Ads
2675,2025-06-04,NA-West,PC,Organic
2676,2025-04-09,NA-West,PC,Streamer
2677,2025-06-09,,PC,Organic
2678,2025-05-26,NA-West,Console,Organic
2679,2025-04-07,EU,PC,Friend Referral
2680,2025-03-04,EU,PC,Organic
2681,2025-01-20,EU,Console,Friend Referral
2682,2025-01-17,NA-East,PC,Paid Ads
2683,2025-03-06,NA-West,PC,Paid Ads
2684,2025-05-15,EU,PC,Paid Ads
2685,2025-03-25,NA-West,PC,Streamer
2686,2025-03-21,APAC,PC,Friend Referral
2687,2025-02-10,NA-West,PC,Organic
2688,2025-04-04,EU,PC,Paid Ads
2689,2025-04-16,APAC,PC,Organic
2690,2025-06-13,EU,PC,Organic
2691,2025-05-02,EU,Console,Organic
2692,2025-04-11,EU,PC,Organic
2693,2025-06-01,NA-West,PC,Organic
2694,2025-03-12,EU,PC,Organic
2695,2025-06-05,APAC,PC,Friend Referral
2696,2025-03-03,APAC,Console,Paid Ads
2697,2025-01-22,NA-East,PC,Streamer
2698,2025-03-11,NA-East,PC,Organic
2699,2025-01-22,EU,PC,Organic
2700,2025-01-20,EU,Console,Friend Referral
2701,2025-05-27,NA-West,PC,Organic
2702,2025-05-12,NA-West,Console,Friend Referral
2703,2025-02-06,NA-West,PC,Paid Ads
2704,2025-05-20,NA-East,PC,Paid Ads
2705,2025-01-12,NA-West,Console,Organic
2706,2025-02-17,NA-West,PC,Paid Ads
2707,2025-04-28,NA-West,PC,Paid Ads
2708,2025-02-20,APAC,PC,Streamer
2709,2025-05-02,NA-West,PC,Organic
2710,2025-05-26,NA-West,PC,Paid Ads
2711,2025-01-11,NA-East,PC,Paid Ads
2712,2025-01-04,NA-West,PC,Organic
2713,2025-06-06,APAC,PC,Paid Ads
2714,2025-03-28,APAC,PC,Paid Ads
2715,2025-03-26,NA-East,Console,Organic
2716,2025-03-18,NA-East,PC,Friend Referral
2717,2025-03-13,NA-East,PC,Friend Referral
2718,2025-04-25,NA-West,PC,Paid Ads
2719,2025-04-07,NA-West,PC,Organic
2720,2025-01-28,NA-West,PC,Friend Referral
2721,2025-04-15,NA-West,Console,Organic
2722,2025-04-21,EU,Console,Paid Ads
2723,2025-01-19,NA-West,PC,Paid Ads
2724,2025-03-04,NA-West,Console,Friend Referral
2725,2025-05-12,NA-East,Console,Friend Referral
2726,2025-04-13,NA-East,Console,Organic
2727,2025-01-23,NA-West,Console,Organic
2728,2025-01-07,NA-West,PC,Paid Ads
2729,2025-04-07,NA-West,PC,Organic
2730,2025-03-18,NA-West,PC,Paid Ads
2731,2025-06-09,APAC,PC,Paid Ads
2732,2025-03-28,APAC,Console,Streamer
2733,2025-06-04,NA-East,PC,Organic
2734,2025-02-05,NA-East,PC,Friend Referral
2735,2025-03-16,EU,Console,Organic
2736,2025-01-24,EU,PC,Streamer
2737,2025-04-06,NA-West,Console,Paid Ads
2738,2025-02-01,NA-West,PC,Paid Ads
2739,2025-03-23,NA-East,PC,Paid Ads
2740,2025-02-27,EU,PC,Organic
2741,2025-01-31,NA-West,PC,Paid Ads
2742,2025-01-17,NA-West,PC,Paid Ads
2743,2025-03-27,NA-East,PC,Organic
2744,2025-06-07,NA-West,PC,Streamer
2745,2025-02-02,NA-East,PC,Streamer
2746,2025-03-09,EU,Console,Streamer
2747,2025-02-07,EU,PC,Paid Ads
2748,2025-05-15,NA-West,PC,Organic
2749,2025-03-10,NA-West,PC,Friend Referral
2750,2025-06-11,APAC,Console,Organic
2751,2025-02-10,NA-East,Console,Paid Ads
2752,2025-01-14,NA-West,Console,Organic
2753,2025-04-07,NA-West,Console,Streamer
2754,2025-04-19,APAC,PC,Organic
2755,2025-06-14,EU,PC,Organic
2756,2025-05-25,APAC,PC,Organic
2757,2025-05-27,EU,Console,Paid Ads
2758,2025-04-16,NA-East,PC,Organic
2759,2025-03-01,NA-East,PC,Organic
2760,2025-03-13,NA-West,Console,Organic
2761,2025-01-23,EU,Console,Organic
2762,2025-03-13,EU,Console,Streamer
2763,2025-03-02,NA-West,PC,Friend Referral
2764,2025-01-06,APAC,PC,Organic
2765,2025-02-03,NA-East,PC,Organic
2766,2025-03-30,NA-West,PC,Organic
2767,2025-03-03,NA-East,PC,Friend Referral
2768,2025-06-14,APAC,PC,Organic
2769,2025-03-21,APAC,Console,Organic
2770,2025-06-09,NA-East,PC,Organic
2771,2025-04-20,APAC,PC,Organic
2772,2025-01-07,APAC,Console,Paid Ads
2773,2025-02-03,APAC,PC,Organic
2774,2025-04-28,APAC,PC,Paid Ads
2775,2025-04-01,NA-East,PC,Paid Ads
2776,2025-02-20,EU,PC,Streamer
2777,2025-03-28,EU,Console,Organic
2778,2025-05-30,EU,PC,Paid Ads
2779,2025-03-06,NA-West,PC,Streamer
2780,2025-01-08,EU,Console,Streamer
2781,2025-02-21,APAC,PC,Paid Ads
2782,2025-06-05,NA-East,Console,Organic
2783,2025-05-07,APAC,PC,Streamer
2784,2025-05-20,NA-East,Console,Paid Ads
2785,2025-06-01,NA-West,PC,Organic
2786,2025-01-20,NA-West,PC,Organic
2787,2025-02-16,EU,Console,Streamer
2788,2025-01-10,EU,Console,Organic
2789,2025-01-01,NA-East,PC,Paid Ads
2790,2025-05-19,EU,PC,Friend Referral
2791,2025-06-05,NA-East,PC,Paid Ads
2792,2025-01-26,NA-East,Console,Organic
2793,2025-04-30,APAC,Console,Paid Ads
2794,2025-03-30,EU,PC,Friend Referral
2795,2025-01-12,EU,PC,Streamer
2796,2025-06-02,EU,PC,Organic
2797,2025-05-25,APAC,Console,Organic
2798,2025-04-05,NA-West,PC,Organic
2799,2025-04-28,NA-West,PC,Organic
2800,2025-03-07,,Console,Streamer
2801,2025-05-12,EU,PC,Organic
2802,2025-03-15,EU,PC,Organic
2803,2025-06-14,EU,PC,Paid Ads
2804,2025-01-11,NA-East,PC,Organic
2805,2025-01-29,NA-West,Console,Organic
2806,2025-06-10,EU,PC,Paid Ads
2807,2025-02-17,APAC,PC,Friend Referral
2808,2025-02-21,,PC,Paid Ads
2809,2025-05-12,NA-West,Console,Paid Ads
2810,2025-02-01,NA-West,PC,Organic
2811,2025-03-27,NA-East,PC,Friend Referral
2812,2025-02-17,NA-West,PC,Streamer
2813,2025-02-02,,PC,Friend Referral
2814,2025-06-10,EU,Console,Paid Ads
2815,2025-02-03,NA-East,Console,Friend Referral
2816,2025-01-16,NA-East,Console,Friend Referral
2817,2025-04-22,NA-West,PC,Paid Ads
2818,2025-05-24,APAC,PC,Organic
2819,2025-01-22,NA-East,Console,Friend Referral
2820,2025-04-28,NA-East,PC,Organic
2821,2025-03-31,NA-West,Console,Paid Ads
2822,2025-05-18,EU,PC,Paid Ads
2823,2025-01-22,APAC,PC,Organic
2824,2025-06-11,NA-West,PC,Organic
2825,2025-04-13,NA-West,PC,Streamer
2826,2025-05-20,NA-West,PC,Organic
2827,2025-03-02,EU,PC,Organic
2828,2025-06-06,APAC,PC,Organic
2829,2025-04-14,NA-East,PC,Friend Referral
2830,2025-01-22,NA-East,Console,Organic
2831,2025-06-03,EU,PC,Paid Ads
2832,2025-05-13,EU,Console,Paid Ads
2833,2025-02-19,NA-West,PC,Organic
2834,2025-04-01,NA-West,PC,Friend Referral
2835,2025-03-06,NA-East,PC,Organic
2836,2025-04-01,,Console,Organic
2837,2025-06-10,EU,PC,Paid Ads
2838,2025-05-30,EU,Console,Organic
2839,2025-02-05,APAC,PC,Streamer
2840,2025-06-11,NA-West,Console,Friend Referral
2841,2025-03-14,NA-East,Console,Organic
2842,2025-04-28,NA-West,Console,Streamer
2843,2025-05-07,APAC,PC,Friend Referral
2844,2025-03-22,EU,Console,Organic
2845,2025-03-17,NA-West,PC,Friend Referral
2846,2025-03-17,NA-West,Console,Streamer
2847,2025-05-24,EU,PC,Friend Referral
2848,2025-03-06,EU,PC,Friend Referral
2849,2025-02-16,EU,PC,Friend Referral
2850,2025-03-02,NA-West,Console,Organic
2851,2025-02-02,APAC,PC,Organic
2852,2025-03-06,EU,PC,Friend Referral
2853,2025-01-19,EU,PC,Streamer
2854,2025-01-15,EU,Console,Paid Ads
2855,2025-05-01,APAC,PC,Organic
2856,2025-01-13,APAC,PC,Friend Referral
2857,2025-04-05,EU,PC,Organic
2858,2025-05-10,NA-East,PC,Organic
2859,2025-05-01,NA-East,PC,Paid Ads
2860,2025-03-16,APAC,Console,Organic
2861,2025-02-02,EU,Console,Paid Ads
2862,2025-06-04,NA-West,PC,Friend Referral
2863,2025-05-19,NA-West,PC,Paid Ads
2864,2025-04-12,APAC,PC,Streamer
2865,2025-01-15,APAC,PC,Paid Ads
2866,2025-01-06,APAC,PC,Streamer
2867,2025-02-22,NA-East,Console,Paid Ads
2868,2025-01-27,EU,PC,Friend Referral
2869,2025-05-23,APAC,PC,Organic
2870,2025-02-04,NA-East,Console,Organic
2871,2025-02-16,NA-West,PC,Streamer
2872,2025-06-11,APAC,PC,Organic
2873,2025-05-16,NA-West,PC,Streamer
2874,2025-02-06,EU,PC,Organic
2875,2025-03-05,EU,Console,Paid Ads
2876,2025-03-27,EU,Console,Organic
2877,2025-04-21,NA-West,PC,Streamer
2878,2025-06-05,,PC,Organic
2879,2025-05-25,NA-West,PC,Friend Referral
2880,2025-06-12,APAC,PC,Streamer
2881,2025-01-07,NA-West,PC,Organic
2882,2025-02-09,EU,PC,Organic
2883,2025-04-04,EU,PC,Streamer
2884,2025-01-09,NA-West,Console,Paid Ads
2885,2025-02-28,NA-West,Console,Organic
2886,2025-01-26,EU,PC,Friend Referral
2887,2025-06-04,NA-West,PC,Organic
2888,2025-01-11,NA-West,PC,Organic
2889,2025-01-25,NA-East,PC,Paid Ads
2890,2025-02-02,APAC,PC,Organic
2891,2025-01-25,EU,PC,Friend Referral
2892,2025-04-05,NA-East,Console,Organic
2893,2025-03-02,APAC,PC,Streamer
2894,2025-06-01,NA-East,PC,Friend Referral
2895,2025-02-13,NA-East,PC,Organic
2896,2025-03-31,NA-East,PC,Streamer
2897,2025-04-20,NA-East,PC,Paid Ads
2898,2025-04-14,NA-East,PC,Organic
2899,2025-05-13,EU,Console,Streamer
2900,2025-02-03,NA-West,Console,Organic
2901,2025-03-26,EU,Console,Organic
2902,2025-05-13,NA-West,PC,Friend Referral
2903,2025-05-24,NA-East,PC,Organic
2904,2025-04-13,NA-West,PC,Paid Ads
2905,2025-04-19,EU,PC,Friend Referral
2906,2025-05-24,EU,PC,Streamer
2907,2025-04-14,NA-East,Console,Organic
2908,2025-06-07,NA-West,PC,Organic
2909,2025-01-22,NA-West,PC,Friend Referral
2910,2025-02-27,APAC,PC,Organic
2911,2025-01-19,NA-West,PC,Streamer
2912,2025-01-16,,PC,Paid Ads
2913,2025-03-20,NA-East,PC,Paid Ads
2914,2025-02-07,NA-West,PC,Paid Ads
2915,2025-03-09,EU,PC,Organic
2916,2025-03-14,NA-East,Console,Organic
2917,2025-04-14,NA-West,PC,Friend Referral
2918,2025-06-06,APAC,PC,Paid Ads
2919,2025-05-21,NA-West,PC,Organic
2920,2025-03-04,NA-East,Console,Organic
2921,2025-02-24,NA-East,PC,Paid Ads
2922,2025-05-08,NA-East,PC,Organic
2923,2025-01-21,EU,PC,Friend Referral
2924,2025-03-31,NA-West,PC,Organic
2925,2025-03-12,APAC,PC,Friend Referral
2926,2025-01-31,EU,PC,Friend Referral
2927,2025-04-13,APAC,PC,Streamer
2928,2025-02-23,APAC,Console,Paid Ads
2929,2025-01-31,APAC,PC,Organic
2930,2025-04-19,EU,PC,Paid Ads
2931,2025-01-29,NA-East,PC,Paid Ads
2932,2025-04-22,NA-East,PC,Paid Ads
2933,2025-01-27,EU,PC,Streamer
2934,2025-03-14,NA-East,PC,Paid Ads
2935,2025-05-15,EU,PC,Organic
2936,2025-02-07,NA-West,Console,Friend Referral
2937,2025-05-08,APAC,PC,Organic
2938,2025-04-30,NA-West,Console,Friend Referral
2939,2025-05-30,APAC,Console,Streamer
2940,2025-01-29,NA-West,PC,Paid Ads
2941,2025-04-29,NA-West,PC,Organic
2942,2025-06-05,APAC,PC,Streamer
2943,2025-05-07,APAC,Console,Paid Ads
2944,2025-02-01,EU,PC,Organic
2945,2025-05-17,APAC,PC,Streamer
2946,2025-01-18,NA-West,PC,Organic
2947,2025-04-08,APAC,Console,Friend Referral
2948,2025-03-24,NA-East,PC,Friend Referral
2949,2025-03-30,EU,PC,Streamer
2950,2025-03-28,NA-East,PC,Organic
2951,2025-01-06,NA-West,PC,Organic
2952,2025-03-26,EU,Console,Paid Ads
2953,2025-06-05,EU,Console,Streamer
2954,2025-03-14,NA-West,PC,Organic
2955,2025-02-15,APAC,PC,Organic
2956,2025-06-15,EU,Console,Streamer
2957,2025-01-17,NA-West,PC,Paid Ads
2958,2025-03-22,EU,PC,Organic
2959,2025-03-27,NA-West,PC,Friend Referral
2960,2025-03-21,NA-West,PC,Friend Referral
2961,2025-06-03,EU,Console,Paid Ads
2962,2025-03-12,NA-West,PC,Friend Referral
2963,2025-06-11,NA-West,PC,Paid Ads
2964,2025-01-12,EU,Console,Organic
2965,2025-05-02,,PC,Paid Ads
2966,2025-04-09,APAC,Console,Organic
2967,2025-02-09,EU,PC,Streamer
2968,2025-02-07,NA-West,PC,Organic
2969,2025-04-30,EU,PC,Organic
2970,2025-04-16,NA-West,PC,Organic
2971,2025-04-12,EU,PC,Organic
2972,2025-01-09,NA-West,PC,Friend Referral
2973,2025-04-10,,Console,Paid Ads
2974,2025-06-12,NA-West,Console,Streamer
2975,2025-01-03,EU,PC,Friend Referral
2976,2025-03-19,NA-West,PC,Friend Referral
2977,2025-03-24,NA-West,PC,Organic
2978,2025-05-29,NA-East,PC,Paid Ads
2979,2025-02-16,EU,PC,Organic
2980,2025-03-20,APAC,Console,Organic
2981,2025-04-30,NA-West,Console,Organic
2982,2025-01-11,NA-West,PC,Organic
2983,2025-05-13,NA-East,Console,Friend Referral
2984,2025-05-17,NA-East,PC,Organic
2985,2025-04-30,APAC,PC,Organic
2986,2025-04-18,APAC,PC,Paid Ads
2987,2025-05-05,APAC,PC,Organic
2988,2025-05-10,NA-West,PC,Paid Ads
2989,2025-05-30,NA-East,Console,Friend Referral
2990,2025-03-13,EU,PC,Streamer
2991,2025-03-17,NA-East,PC,Paid Ads
2992,2025-04-16,EU,PC,Organic
2993,2025-02-02,NA-West,Console,Streamer
2994,2025-05-23,NA-East,PC,Friend Referral
2995,2025-05-08,APAC,Console,Organic
2996,2025-04-15,NA-West,Console,Paid Ads
2997,2025-02-20,APAC,PC,Paid Ads
2998,2025-02-27,NA-East,PC,Organic
2999,2025-03-14,NA-West,PC,Friend Referral
3000,2025-04-20,NA-West,Console,Organic
3001,2025-05-10,NA-West,PC,Friend Referral
3002,2025-04-22,EU,PC,Streamer
3003,2025-06-04,NA-West,PC,Friend Referral
3004,2025-06-09,EU,PC,Streamer
3005,2025-04-28,APAC,Console,Organic
3006,2025-03-03,NA-East,Console,Paid Ads
3007,2025-04-10,NA-West,PC,Streamer
3008,2025-03-12,NA-East,PC,Paid Ads
3009,2025-04-15,EU,PC,Organic
3010,2025-05-15,EU,Console,Organic
3011,2025-03-03,NA-West,PC,Organic
3012,2025-03-25,EU,Console,Paid Ads
3013,2025-01-08,NA-East,PC,Streamer
3014,2025-05-03,NA-East,PC,Friend Referral
3015,2025-03-23,NA-West,Console,Organic
3016,2025-03-18,APAC,PC,Organic
3017,2025-03-30,NA-West,PC,Friend Referral
3018,2025-02-05,NA-West,PC,Friend Referral
3019,2025-04-10,NA-West,PC,Organic
3020,2025-05-04,EU,Console,Paid Ads
3021,2025-02-28,NA-East,Console,Organic
3022,2025-01-22,NA-West,Console,Paid Ads
3023,2025-03-06,NA-East,PC,Friend Referral
3024,2025-02-02,EU,PC,Organic
3025,2025-03-04,NA-West,Console,Paid Ads
3026,2025-04-15,APAC,PC,Paid Ads
3027,2025-01-19,NA-East,Console,Friend Referral
3028,2025-05-05,NA-West,PC,Paid Ads
3029,2025-02-07,APAC,PC,Friend Referral
3030,2025-05-29,APAC,PC,Organic
3031,2025-05-02,NA-East,PC,Streamer
3032,2025-02-15,APAC,PC,Streamer
3033,2025-04-04,EU,PC,Organic
3034,2025-01-19,NA-East,Console,Streamer
3035,2025-01-17,APAC,PC,Paid Ads
3036,2025-06-08,EU,PC,Organic
3037,2025-05-14,NA-West,PC,Friend Referral
3038,2025-01-26,EU,Console,Organic
3039,2025-02-16,NA-East,PC,Friend Referral
3040,2025-02-02,NA-West,Console,Streamer
3041,2025-03-07,APAC,Console,Friend Referral
3042,2025-02-18,EU,PC,Friend Referral
3043,2025-02-24,EU,PC,Organic
3044,2025-03-29,EU,Console,Friend Referral
3045,2025-02-01,EU,PC,Paid Ads
3046,2025-05-27,NA-West,Console,Organic
3047,2025-05-01,APAC,PC,Friend Referral
3048,2025-05-07,EU,PC,Friend Referral
3049,2025-01-29,EU,PC,Paid Ads
3050,2025-04-28,NA-East,PC,Paid Ads
3051,2025-05-19,NA-West,Console,Paid Ads
3052,2025-01-30,NA-West,PC,Friend Referral
3053,2025-05-05,NA-East,Console,Friend Referral
3054,2025-03-01,NA-West,PC,Paid Ads
3055,2025-05-11,EU,Console,Paid Ads
3056,2025-03-21,APAC,Console,Friend Referral
3057,2025-05-14,NA-East,PC,Streamer
3058,2025-01-25,NA-East,PC,Organic
3059,2025-03-06,EU,Console,Organic
3060,2025-02-15,NA-West,Console,Streamer
3061,2025-02-11,APAC,PC,Organic
3062,2025-02-21,NA-East,PC,Streamer
3063,2025-03-05,NA-West,Console,Paid Ads
3064,2025-01-22,NA-West,PC,Streamer
3065,2025-04-28,APAC,PC,Friend Referral
3066,2025-04-02,NA-West,PC,Paid Ads
3067,2025-05-18,EU,PC,Paid Ads
3068,2025-04-28,NA-West,Console,Friend Referral
3069,2025-01-25,NA-West,PC,Friend Referral
3070,2025-01-12,APAC,Console,Organic
3071,2025-03-12,NA-West,PC,Organic
3072,2025-03-21,NA-West,PC,Streamer
3073,2025-02-09,EU,PC,Organic
3074,2025-05-10,APAC,PC,Paid Ads
3075,2025-04-07,NA-East,Console,Friend Referral
3076,2025-05-05,NA-West,PC,Organic
3077,2025-01-19,APAC,Console,Streamer
3078,2025-05-16,EU,PC,Organic
3079,2025-02-04,APAC,PC,Friend Referral
3080,2025-03-16,EU,PC,Friend Referral
3081,2025-03-14,EU,Console,Organic
3082,2025-05-17,NA-East,PC,Organic
3083,2025-02-15,NA-East,PC,Paid Ads
3084,2025-02-09,EU,PC,Organic
3085,2025-02-26,EU,PC,Paid Ads
3086,2025-03-01,APAC,PC,Paid Ads
3087,2025-01-31,EU,PC,Organic
3088,2025-01-30,NA-West,Console,Organic
3089,2025-02-08,NA-East,PC,Organic
3090,2025-03-19,EU,PC,Paid Ads
3091,2025-02-26,NA-East,PC,Friend Referral
3092,2025-03-07,EU,Console,Organic
3093,2025-04-30,EU,PC,Friend Referral
3094,2025-02-09,NA-West,PC,Friend Referral
3095,2025-06-01,EU,Console,Paid Ads
3096,2025-05-05,EU,PC,Organic
3097,2025-01-29,APAC,PC,Organic
3098,2025-02-22,NA-East,PC,Organic
3099,2025-01-31,EU,PC,Paid Ads
3100,2025-02-15,NA-East,Console,Paid Ads
3101,2025-03-02,EU,Console,Organic
3102,2025-01-22,NA-West,Console,Organic
3103,2025-01-03,APAC,Console,Paid Ads
3104,2025-03-14,APAC,Console,Organic
3105,2025-04-27,EU,PC,Friend Referral
3106,2025-02-20,EU,PC,Friend Referral
3107,2025-05-23,NA-West,PC,Organic
3108,2025-03-03,EU,Console,Friend Referral
3109,2025-05-30,NA-East,Console,Organic
3110,2025-02-09,EU,Console,Friend Referral
3111,2025-03-31,NA-West,PC,Organic
3112,2025-05-07,EU,PC,Friend Referral
3113,2025-01-10,NA-West,Console,Friend Referral
3114,2025-06-04,EU,PC,Organic
3115,2025-03-02,EU,PC,Paid Ads
3116,2025-03-24,NA-West,PC,Paid Ads
3117,2025-04-15,NA-East,PC,Streamer
3118,2025-04-17,APAC,PC,Organic
3119,2025-01-04,EU,Console,Organic
3120,2025-05-24,NA-West,Console,Organic
3121,2025-04-14,NA-East,PC,Streamer
3122,2025-06-15,NA-East,PC,Friend Referral
3123,2025-03-20,EU,Console,Organic
3124,2025-04-12,EU,PC,Paid Ads
3125,2025-03-15,NA-West,PC,Organic
3126,2025-05-28,EU,PC,Friend Referral
3127,2025-05-19,EU,PC,Friend Referral
3128,2025-05-31,EU,PC,Paid Ads
3129,2025-03-25,NA-West,Console,Paid Ads
3130,2025-05-12,NA-East,PC,Organic
3131,2025-03-01,NA-East,PC,Paid Ads
3132,2025-03-18,NA-West,PC,Friend Referral
3133,2025-05-07,NA-East,Console,Organic
3134,2025-01-14,NA-West,PC,Streamer
3135,2025-04-28,NA-West,PC,Paid Ads
3136,2025-01-03,EU,PC,Streamer
3137,2025-04-07,NA-West,Console,Paid Ads
3138,2025-03-21,EU,Console,Organic
3139,2025-03-19,NA-West,PC,Friend Referral
3140,2025-03-24,EU,PC,Friend Referral
3141,2025-03-23,NA-East,PC,Organic
3142,2025-03-09,EU,Console,Friend Referral
3143,2025-03-16,EU,Console,Organic
3144,2025-04-05,NA-East,Console,Organic
3145,2025-05-07,EU,PC,Paid Ads
3146,2025-04-02,NA-West,PC,Organic
3147,2025-04-17,EU,PC,Friend Referral
3148,2025-05-19,NA-West,Console,Paid Ads
3149,2025-06-14,NA-East,PC,Paid Ads
3150,2025-01-19,NA-West,PC,Organic
3151,2025-04-29,APAC,Console,Paid Ads
3152,2025-02-07,NA-East,PC,Paid Ads
3153,2025-02-02,EU,Console,Streamer
3154,2025-05-12,NA-East,PC,Organic
3155,2025-01-12,NA-West,PC,Organic
3156,2025-05-21,NA-West,PC,Paid Ads
3157,2025-05-08,APAC,PC,Organic
3158,2025-06-15,EU,Console,Paid Ads
3159,2025-04-21,NA-West,PC,Paid Ads
3160,2025-05-25,EU,PC,Paid Ads
3161,2025-01-20,NA-East,PC,Streamer
3162,2025-05-28,NA-West,Console,Friend Referral
3163,2025-01-27,EU,Console,Streamer
3164,2025-02-22,NA-West,Console,Paid Ads
3165,2025-01-22,NA-West,PC,Organic
3166,2025-03-08,EU,PC,Paid Ads
3167,2025-05-05,NA-West,PC,Paid Ads
3168,2025-02-14,APAC,PC,Streamer
3169,2025-05-17,EU,PC,Organic
3170,2025-04-11,APAC,PC,Organic
3171,2025-04-15,EU,PC,Paid Ads
3172,2025-06-05,APAC,Console,Organic
3173,2025-03-13,NA-East,PC,Paid Ads
3174,2025-02-27,EU,Console,Friend Referral
3175,2025-06-15,EU,Console,Organic
3176,2025-04-03,APAC,PC,Organic
3177,2025-04-13,NA-West,PC,Paid Ads
3178,2025-02-19,EU,Console,Organic
3179,2025-02-05,EU,PC,Paid Ads
3180,2025-01-29,NA-East,PC,Paid Ads
3181,2025-02-07,APAC,PC,Paid Ads
3182,2025-02-02,NA-East,Console,Friend Referral
3183,2025-05-04,NA-West,Console,Organic
3184,2025-01-10,EU,Console,Paid Ads
3185,2025-04-15,NA-East,PC,Organic
3186,2025-06-07,NA-West,PC,Organic
3187,2025-05-08,NA-West,Console,Streamer
3188,2025-03-08,NA-West,Console,Organic
3189,2025-01-10,EU,PC,Organic
3190,2025-05-19,APAC,Console,Streamer
3191,2025-01-01,EU,Console,Organic
3192,2025-04-24,NA-West,PC,Organic
3193,2025-04-22,EU,PC,Friend Referral
3194,2025-02-01,APAC,PC,Paid Ads
3195,2025-05-03,EU,Console,Streamer
3196,2025-01-30,NA-West,PC,Paid Ads
3197,2025-02-07,NA-West,PC,Streamer
3198,2025-05-15,APAC,PC,Organic
3199,2025-06-12,APAC,Console,Paid Ads
3200,2025-02-13,NA-West,Console,Organic
3201,2025-06-02,APAC,Console,Streamer
3202,2025-06-01,NA-West,PC,Streamer
3203,2025-05-08,NA-West,PC,Organic
3204,2025-01-24,EU,PC,Paid Ads
3205,2025-02-19,EU,PC,Paid Ads
3206,2025-04-23,NA-East,PC,Organic
3207,2025-06-15,APAC,Console,Paid Ads
3208,2025-05-16,APAC,PC,Streamer
3209,2025-03-11,NA-West,PC,Organic
3210,2025-02-09,EU,PC,Organic
3211,2025-06-09,EU,Console,Streamer
3212,2025-02-15,EU,PC,Friend Referral
3213,2025-02-26,APAC,PC,Friend Referral
3214,2025-06-10,,PC,Paid Ads
3215,2025-04-04,NA-West,PC,Paid Ads
3216,2025-02-13,NA-West,PC,Organic
3217,2025-01-01,APAC,PC,Organic
3218,2025-03-13,APAC,Console,Paid Ads
3219,2025-06-13,NA-West,PC,Friend Referral
3220,2025-03-13,NA-West,PC,Paid Ads
3221,2025-04-27,EU,PC,Streamer
3222,2025-02-12,NA-West,PC,Organic
3223,2025-05-09,NA-West,PC,Streamer
3224,2025-05-09,APAC,PC,Paid Ads
3225,2025-04-11,APAC,Console,Streamer
3226,2025-05-09,APAC,Console,Organic
3227,2025-04-07,EU,Console,Organic
3228,2025-03-04,NA-East,PC,Paid Ads
3229,2025-05-03,APAC,Console,Streamer
3230,2025-05-19,NA-West,Console,Streamer
3231,2025-05-20,NA-West,PC,Friend Referral
3232,2025-02-05,APAC,PC,Friend Referral
3233,2025-04-23,EU,Console,Organic
3234,2025-01-01,APAC,Console,Paid Ads
3235,2025-04-05,NA-West,PC,Paid Ads
3236,2025-04-05,APAC,PC,Paid Ads
3237,2025-03-02,EU,PC,Organic
3238,2025-06-15,EU,PC,Streamer
3239,2025-05-27,APAC,Console,Organic
3240,2025-01-07,NA-East,PC,Friend Referral
3241,2025-02-04,EU,Console,Friend Referral
3242,2025-02-04,EU,Console,Friend Referral
3243,2025-05-29,EU,PC,Paid Ads
3244,2025-03-28,APAC,Console,Paid Ads
3245,2025-05-01,EU,Console,Organic
3246,2025-05-15,NA-West,PC,Organic
3247,2025-05-08,NA-West,PC,Friend Referral
3248,2025-01-15,APAC,Console,Paid Ads
3249,2025-01-24,APAC,PC,Friend Referral
3250,2025-03-07,,PC,Friend Referral
3251,2025-02-26,NA-West,PC,Organic
3252,2025-05-05,NA-East,PC,Paid Ads
3253,2025-01-26,EU,PC,Friend Referral
3254,2025-03-03,EU,PC,Friend Referral
3255,2025-02-09,NA-West,PC,Friend Referral
3256,2025-02-01,EU,PC,Organic
3257,2025-01-29,NA-West,Console,Organic
3258,2025-02-02,NA-East,PC,Organic
3259,2025-04-04,NA-West,Console,Paid Ads
3260,2025-03-10,NA-West,Console,Organic
3261,2025-03-14,NA-West,PC,Organic
3262,2025-03-21,APAC,PC,Streamer
3263,2025-05-04,EU,PC,Friend Referral
3264,2025-05-24,APAC,Console,Friend Referral
3265,2025-03-29,NA-East,PC,Friend Referral
3266,2025-04-17,NA-East,PC,Organic
3267,2025-05-03,NA-East,PC,Organic
3268,2025-04-25,EU,PC,Streamer
3269,2025-01-23,NA-East,Console,Friend Referral
3270,2025-06-13,EU,Console,Paid Ads
3271,2025-01-28,APAC,PC,Streamer
3272,2025-03-10,APAC,PC,Organic
3273,2025-04-19,NA-West,PC,Paid Ads
3274,2025-03-08,EU,PC,Organic
3275,2025-02-10,NA-West,PC,Friend Referral
3276,2025-06-03,NA-West,PC,Paid Ads
3277,2025-01-12,EU,Console,Organic
3278,2025-02-10,EU,PC,Streamer
3279,2025-06-14,EU,Console,Friend Referral
3280,2025-05-02,NA-West,PC,Friend Referral
3281,2025-01-15,APAC,PC,Organic
3282,2025-05-06,APAC,PC,Friend Referral
3283,2025-06-10,NA-East,PC,Friend Referral
3284,2025-01-17,APAC,PC,Organic
3285,2025-03-10,NA-West,Console,Friend Referral
3286,2025-03-19,EU,Console,Organic
3287,2025-01-22,APAC,Console,Streamer
3288,2025-02-03,APAC,PC,Organic
3289,2025-01-29,APAC,PC,Friend Referral
3290,2025-01-31,NA-East,PC,Paid Ads
3291,2025-03-08,APAC,Console,Paid Ads
3292,2025-03-18,EU,Console,Streamer
3293,2025-02-09,NA-West,PC,Streamer
3294,2025-02-18,NA-West,Console,Organic
3295,2025-02-01,EU,PC,Friend Referral
3296,2025-05-13,EU,PC,Paid Ads
3297,2025-02-05,EU,PC,Organic
3298,2025-05-31,APAC,PC,Paid Ads
3299,2025-03-31,EU,Console,Organic
3300,2025-05-14,NA-East,Console,Streamer
3301,2025-04-16,NA-East,PC,Paid Ads
3302,2025-02-14,EU,PC,Friend Referral
3303,2025-04-10,EU,PC,Friend Referral
3304,2025-02-15,EU,PC,Streamer
3305,2025-01-20,EU,PC,Paid Ads
3306,2025-02-12,EU,PC,Paid Ads
3307,2025-02-15,EU,PC,Paid Ads
3308,2025-01-23,APAC,PC,Organic
3309,2025-01-04,NA-West,PC,Organic
3310,2025-06-06,EU,Console,Organic
3311,2025-03-27,EU,PC,Paid Ads
3312,2025-03-08,NA-West,PC,Paid Ads
3313,2025-06-04,EU,PC,Organic
3314,2025-02-07,EU,Console,Streamer
3315,2025-03-08,EU,PC,Organic
3316,2025-05-21,EU,PC,Paid Ads
3317,2025-04-15,NA-East,Console,Friend Referral
3318,2025-03-08,NA-West,Console,Friend Referral
3319,2025-02-12,NA-East,PC,Organic
3320,2025-01-06,NA-East,PC,Paid Ads
3321,2025-01-15,EU,Console,Paid Ads
3322,2025-01-27,APAC,PC,Organic
3323,2025-05-11,EU,PC,Friend Referral
3324,2025-04-17,NA-West,PC,Paid Ads
3325,2025-03-13,NA-East,PC,Friend Referral
3326,2025-05-10,NA-West,PC,Paid Ads
3327,2025-01-27,EU,PC,Friend Referral
3328,2025-02-05,NA-West,PC,Streamer
3329,2025-03-07,EU,PC,Paid Ads
3330,2025-06-02,EU,PC,Organic
3331,2025-04-12,EU,Console,Paid Ads
3332,2025-05-22,NA-West,PC,Organic
3333,2025-02-11,NA-East,PC,Streamer
3334,2025-05-21,EU,PC,Paid Ads
3335,2025-01-13,EU,PC,Organic
3336,2025-02-07,NA-West,PC,Paid Ads
3337,2025-03-28,APAC,PC,Organic
3338,2025-01-09,EU,Console,Streamer
3339,2025-05-23,NA-East,PC,Streamer
3340,2025-05-24,NA-West,Console,Paid Ads
3341,2025-03-31,NA-East,Console,Friend Referral
3342,2025-02-20,NA-East,PC,Paid Ads
3343,2025-01-17,NA-West,PC,Friend Referral
3344,2025-04-13,EU,Console,Organic
3345,2025-03-31,NA-East,PC,Streamer
3346,2025-05-07,APAC,Console,Organic
3347,2025-04-11,APAC,Console,Organic
3348,2025-01-22,NA-West,PC,Organic
3349,2025-01-21,NA-West,Console,Streamer
3350,2025-05-10,EU,PC,Streamer
3351,2025-01-27,APAC,PC,Organic
3352,2025-06-05,APAC,PC,Organic
3353,2025-01-18,NA-West,PC,Paid Ads
3354,2025-05-01,NA-West,Console,Friend Referral
3355,2025-06-11,NA-West,Console,Streamer
3356,2025-03-15,APAC,PC,Streamer
3357,2025-01-10,EU,PC,Paid Ads
3358,2025-05-26,EU,PC,Organic
3359,2025-02-01,EU,PC,Paid Ads
3360,2025-03-29,NA-West,PC,Streamer
3361,2025-06-13,EU,PC,Friend Referral
3362,2025-05-04,NA-West,Console,Streamer
3363,2025-01-08,EU,PC,Friend Referral
3364,2025-05-17,EU,PC,Streamer
3365,2025-01-27,EU,PC,Paid Ads
3366,2025-05-05,NA-East,PC,Organic
3367,2025-04-14,APAC,PC,Friend Referral
3368,2025-02-17,EU,PC,Organic
3369,2025-03-12,NA-West,PC,Friend Referral
3370,2025-01-20,NA-West,Console,Streamer
3371,2025-06-13,EU,PC,Organic
3372,2025-02-09,NA-West,PC,Streamer
3373,2025-02-21,NA-West,Console,Organic
3374,2025-03-25,NA-West,PC,Paid Ads
3375,2025-04-22,NA-West,Console,Streamer
3376,2025-03-25,NA-East,PC,Paid Ads
3377,2025-03-25,EU,PC,Streamer
3378,2025-04-07,NA-West,PC,Streamer
3379,2025-05-23,EU,PC,Paid Ads
3380,2025-03-07,NA-West,Console,Paid Ads
3381,2025-05-19,NA-East,PC,Organic
3382,2025-05-11,NA-West,Console,Friend Referral
3383,2025-06-09,EU,Console,Organic
3384,2025-06-01,APAC,Console,Paid Ads
3385,2025-05-13,NA-East,Console,Paid Ads
3386,2025-02-10,NA-West,PC,Paid Ads
3387,2025-05-09,NA-West,PC,Streamer
3388,2025-05-03,NA-West,Console,Organic
3389,2025-02-18,APAC,PC,Streamer
3390,2025-04-23,NA-West,PC,Organic
3391,2025-02-11,APAC,PC,Organic
3392,2025-03-28,EU,PC,Paid Ads
3393,2025-05-13,EU,Console,Organic
3394,2025-02-01,APAC,PC,Paid Ads
3395,2025-02-25,NA-West,PC,Paid Ads
3396,2025-05-13,EU,Console,Paid Ads
3397,2025-03-17,NA-West,PC,Organic
3398,2025-06-09,APAC,Console,Organic
3399,2025-01-02,EU,PC,Organic
3400,2025-04-30,NA-West,PC,Friend Referral
3401,2025-05-16,APAC,PC,Organic
3402,2025-06-02,NA-West,PC,Organic
3403,2025-01-27,NA-West,PC,Paid Ads
3404,2025-06-13,EU,PC,Streamer
3405,2025-03-07,NA-East,PC,Paid Ads
3406,2025-02-28,APAC,PC,Organic
3407,2025-03-01,EU,PC,Friend Referral
3408,2025-04-16,EU,PC,Organic
3409,2025-04-20,NA-West,Console,Friend Referral
3410,2025-03-20,NA-West,Console,Friend Referral
3411,2025-01-12,APAC,Console,Streamer
3412,2025-06-13,NA-West,PC,Paid Ads
3413,2025-02-06,EU,PC,Organic
3414,2025-01-16,NA-West,PC,Paid Ads
3415,2025-04-10,NA-West,Console,Streamer
3416,2025-03-10,EU,Console,Organic
3417,2025-04-13,EU,PC,Paid Ads
3418,2025-05-26,EU,PC,Organic
3419,2025-01-17,APAC,Console,Organic
3420,2025-02-17,NA-West,PC,Streamer
3421,2025-03-27,NA-East,PC,Organic
3422,2025-05-11,NA-West,PC,Paid Ads
3423,2025-04-10,EU,Console,Organic
3424,2025-03-05,NA-East,PC,Paid Ads
3425,2025-04-12,EU,PC,Paid Ads
3426,2025-06-12,NA-West,PC,Streamer
3427,2025-03-21,APAC,PC,Paid Ads
3428,2025-05-27,APAC,Console,Paid Ads
3429,2025-05-10,APAC,Console,Friend Referral
3430,2025-02-20,NA-West,PC,Organic
3431,2025-02-11,APAC,PC,Paid Ads
3432,2025-05-08,NA-West,Console,Friend Referral
3433,2025-02-04,NA-East,Console,Organic
3434,2025-02-25,NA-West,PC,Streamer
3435,2025-02-09,NA-West,PC,Organic
3436,2025-04-11,EU,PC,Organic
3437,2025-02-18,NA-West,Console,Streamer
3438,2025-04-20,NA-East,PC,Friend Referral
3439,2025-06-05,,PC,Paid Ads
3440,2025-05-18,APAC,Console,Organic
3441,2025-06-07,EU,PC,Friend Referral
3442,2025-01-05,EU,Console,Paid Ads
3443,2025-03-17,NA-West,PC,Organic
3444,2025-02-06,APAC,PC,Paid Ads
3445,2025-06-02,NA-West,Console,Organic
3446,2025-04-29,NA-West,Console,Organic
3447,2025-02-23,NA-West,Console,Organic
3448,2025-04-04,EU,Console,Organic
3449,2025-04-11,NA-East,PC,Organic
3450,2025-03-24,EU,PC,Paid Ads
3451,2025-03-20,NA-East,PC,Friend Referral
3452,2025-01-10,NA-East,Console,Organic
3453,2025-03-17,NA-East,PC,Friend Referral
3454,2025-02-27,NA-West,Console,Organic
3455,2025-05-16,NA-East,Console,Friend Referral
3456,2025-05-24,EU,Console,Streamer
3457,2025-05-05,EU,Console,Paid Ads
3458,2025-01-06,NA-West,PC,Paid Ads
3459,2025-05-20,EU,PC,Organic
3460,2025-03-07,NA-East,Console,Organic
3461,2025-03-11,NA-West,PC,Paid Ads
3462,2025-06-06,NA-West,PC,Friend Referral
3463,2025-05-24,NA-East,Console,Paid Ads
3464,2025-01-09,NA-East,PC,Streamer
3465,2025-03-01,EU,PC,Organic
3466,2025-05-05,NA-West,PC,Paid Ads
3467,2025-03-31,EU,PC,Friend Referral
3468,2025-02-12,NA-West,Console,Organic
3469,2025-03-29,EU,PC,Organic
3470,2025-05-24,EU,PC,Paid Ads
3471,2025-02-07,NA-East,PC,Organic
3472,2025-05-04,NA-West,Console,Paid Ads
3473,2025-05-02,EU,Console,Paid Ads
3474,2025-05-28,APAC,PC,Friend Referral
3475,2025-02-19,APAC,PC,Friend Referral
3476,2025-02-05,NA-West,PC,Paid Ads
3477,2025-04-01,EU,PC,Friend Referral
3478,2025-03-30,NA-East,PC,Streamer
3479,2025-03-09,NA-West,PC,Organic
3480,2025-05-10,EU,PC,Streamer
3481,2025-05-13,EU,PC,Organic
3482,2025-02-10,EU,PC,Organic
3483,2025-05-13,APAC,PC,Paid Ads
3484,2025-02-08,NA-East,PC,Organic
3485,2025-03-09,EU,Console,Organic
3486,2025-01-05,NA-East,PC,Organic
3487,2025-02-26,NA-West,PC,Paid Ads
3488,2025-06-09,NA-East,Console,Friend Referral
3489,2025-03-15,APAC,PC,Organic
3490,2025-04-28,NA-East,Console,Friend Referral
3491,2025-01-18,NA-West,PC,Organic
3492,2025-04-16,EU,Console,Streamer
3493,2025-03-03,APAC,PC,Organic
3494,2025-05-04,APAC,PC,Friend Referral
3495,2025-06-04,EU,Console,Friend Referral
3496,2025-03-30,NA-East,Console,Friend Referral
3497,2025-01-18,EU,PC,Streamer
3498,2025-03-21,APAC,Console,Organic
3499,2025-01-21,APAC,PC,Paid Ads
3500,2025-03-16,APAC,Console,Friend Referral
3501,2025-01-11,,Console,Paid Ads
3502,2025-04-17,NA-West,PC,Friend Referral
3503,2025-02-21,EU,Console,Organic
3504,2025-02-03,NA-West,Console,Organic
3505,2025-01-03,NA-West,Console,Organic
3506,2025-05-28,NA-East,PC,Streamer
3507,2025-05-19,EU,Console,Paid Ads
3508,2025-05-15,APAC,PC,Organic
3509,2025-01-10,EU,PC,Friend Referral
3510,2025-02-28,APAC,Console,Paid Ads
3511,2025-06-11,EU,PC,Friend Referral
3512,2025-04-07,EU,Console,Friend Referral
3513,2025-01-22,NA-West,PC,Paid Ads
3514,2025-01-24,EU,PC,Organic
3515,2025-02-13,NA-West,Console,Friend Referral
3516,2025-06-11,NA-West,PC,Organic
3517,2025-01-29,NA-West,PC,Organic
3518,2025-05-30,APAC,PC,Paid Ads
3519,2025-04-23,EU,PC,Paid Ads
3520,2025-06-03,APAC,PC,Streamer
3521,2025-05-18,APAC,PC,Organic
3522,2025-02-25,APAC,Console,Paid Ads
3523,2025-05-18,NA-West,Console,Streamer
3524,2025-01-29,APAC,Console,Paid Ads
3525,2025-02-18,APAC,PC,Streamer
3526,2025-02-05,APAC,Console,Streamer
3527,2025-01-23,NA-West,PC,Paid Ads
3528,2025-01-15,,Console,Streamer
3529,2025-02-01,APAC,PC,Paid Ads
3530,2025-01-20,NA-West,Console,Friend Referral
3531,2025-03-05,NA-East,PC,Streamer
3532,2025-01-12,NA-East,PC,Paid Ads
3533,2025-01-11,NA-West,Console,Organic
3534,2025-06-14,NA-West,PC,Organic
3535,2025-01-15,APAC,Console,Organic
3536,2025-01-13,APAC,Console,Streamer
3537,2025-01-05,APAC,PC,Organic
3538,2025-01-23,NA-West,PC,Organic
3539,2025-03-29,NA-West,PC,Friend Referral
3540,2025-05-18,NA-East,Console,Organic
3541,2025-05-02,NA-East,Console,Streamer
3542,2025-04-07,NA-West,PC,Friend Referral
3543,2025-01-15,EU,Console,Organic
3544,2025-05-09,APAC,PC,Organic
3545,2025-01-07,EU,PC,Paid Ads
3546,2025-04-15,NA-East,Console,Paid Ads
3547,2025-03-09,NA-East,Console,Friend Referral
3548,2025-05-27,NA-West,PC,Organic
3549,2025-02-21,NA-West,PC,Streamer
3550,2025-04-16,EU,PC,Paid Ads
3551,2025-03-15,NA-East,PC,Paid Ads
3552,2025-03-28,EU,PC,Friend Referral
3553,2025-06-05,APAC,Console,Streamer
3554,2025-04-29,NA-West,PC,Paid Ads
3555,2025-03-10,NA-West,PC,Friend Referral
3556,2025-03-16,NA-West,Console,Streamer
3557,2025-04-27,NA-West,PC,Streamer
3558,2025-02-27,EU,PC,Paid Ads
3559,2025-01-28,APAC,Console,Paid Ads
3560,2025-03-19,APAC,PC,Friend Referral
3561,2025-01-12,EU,PC,Friend Referral
3562,2025-01-29,NA-East,PC,Organic
3563,2025-03-11,NA-West,PC,Friend Referral
3564,2025-05-13,NA-East,PC,Friend Referral
3565,2025-05-10,NA-East,PC,Organic
3566,2025-02-13,APAC,PC,Streamer
3567,2025-03-12,NA-East,Console,Organic
3568,2025-01-26,NA-West,PC,Paid Ads
3569,2025-05-06,NA-West,PC,Organic
3570,2025-02-10,NA-West,PC,Organic
3571,2025-05-13,APAC,Console,Organic
3572,2025-05-20,NA-West,PC,Friend Referral
3573,2025-04-25,NA-West,Console,Friend Referral
3574,2025-02-24,NA-West,PC,Organic
3575,2025-06-08,APAC,Console,Paid Ads
3576,2025-04-24,EU,PC,Friend Referral
3577,2025-04-18,EU,PC,Organic
3578,2025-05-23,NA-East,PC,Organic
3579,2025-05-27,NA-West,PC,Organic
3580,2025-01-13,APAC,Console,Organic
3581,2025-05-27,NA-West,PC,Organic
3582,2025-05-07,NA-West,PC,Paid Ads
3583,2025-02-04,EU,PC,Paid Ads
3584,2025-02-21,NA-West,Console,Streamer
3585,2025-05-05,NA-West,PC,Paid Ads
3586,2025-02-05,APAC,Console,Friend Referral
3587,2025-03-17,NA-East,Console,Organic
3588,2025-04-25,NA-West,PC,Organic
3589,2025-04-18,NA-East,Console,Paid Ads
3590,2025-06-01,EU,PC,Organic
3591,2025-01-19,NA-West,PC,Organic
3592,2025-02-18,NA-West,PC,Streamer
3593,2025-06-13,EU,PC,Organic
3594,2025-04-05,EU,PC,Organic
3595,2025-02-11,APAC,PC,Streamer
3596,2025-02-18,NA-East,Console,Organic
3597,2025-02-26,NA-West,PC,Friend Referral
3598,2025-04-03,EU,PC,Organic
3599,2025-02-17,EU,PC,Friend Referral
3600,2025-04-14,NA-West,PC,Streamer
3601,2025-03-15,EU,Console,Paid Ads
3602,2025-04-12,NA-West,PC,Friend Referral
3603,2025-01-26,APAC,PC,Organic
3604,2025-04-14,APAC,PC,Friend Referral
3605,2025-06-03,NA-East,Console,Paid Ads
3606,2025-01-23,APAC,PC,Organic
3607,2025-02-24,APAC,Console,Organic
3608,2025-04-26,NA-West,PC,Paid Ads
3609,2025-04-13,NA-East,PC,Streamer
3610,2025-04-23,EU,PC,Streamer
3611,2025-04-03,NA-West,PC,Paid Ads
3612,2025-04-24,NA-East,PC,Friend Referral
3613,2025-04-12,NA-West,PC,Paid Ads
3614,2025-01-13,APAC,PC,Streamer
3615,2025-05-05,NA-East,PC,Organic
3616,2025-03-16,EU,PC,Friend Referral
3617,2025-01-09,NA-East,PC,Organic
3618,2025-03-09,NA-West,PC,Streamer
3619,2025-03-14,APAC,PC,Streamer
3620,2025-01-15,NA-West,PC,Paid Ads
3621,2025-06-15,NA-West,Console,Organic
3622,2025-02-06,NA-East,PC,Streamer
3623,2025-02-24,EU,PC,Organic
3624,2025-03-15,NA-East,PC,Organic
3625,2025-05-19,NA-West,Console,Paid Ads
3626,2025-05-04,NA-East,PC,Paid Ads
3627,2025-05-08,NA-West,PC,Streamer
3628,2025-02-09,NA-West,PC,Organic
3629,2025-05-21,EU,PC,Friend Referral
3630,2025-05-18,NA-West,Console,Friend Referral
3631,2025-03-19,NA-West,PC,Organic
3632,2025-04-01,EU,PC,Streamer
3633,2025-01-07,EU,PC,Organic
3634,2025-05-07,NA-West,Console,Organic
3635,2025-06-09,NA-East,Console,Friend Referral
3636,2025-03-20,NA-West,Console,Paid Ads
3637,2025-03-31,APAC,Console,Streamer
3638,2025-03-24,NA-West,Console,Organic
3639,2025-01-14,NA-West,PC,Organic
3640,2025-04-13,NA-East,PC,Streamer
3641,2025-04-30,NA-West,PC,Friend Referral
3642,2025-06-04,NA-West,PC,Friend Referral
3643,2025-06-04,NA-West,Console,Organic
3644,2025-03-23,EU,PC,Streamer
3645,2025-06-09,EU,PC,Paid Ads
3646,2025-03-29,,PC,Organic
3647,2025-04-17,EU,PC,Organic
3648,2025-04-10,,PC,Organic
3649,2025-06-15,APAC,PC,Organic
3650,2025-05-03,EU,PC,Organic
3651,2025-01-20,APAC,PC,Organic
3652,2025-01-12,EU,PC,Organic
3653,2025-03-10,NA-East,PC,Friend Referral
3654,2025-03-27,NA-West,Console,Friend Referral
3655,2025-04-21,,PC,Friend Referral
3656,2025-03-21,NA-West,PC,Paid Ads
3657,2025-03-27,NA-East,Console,Organic
3658,2025-06-02,NA-West,Console,Streamer
3659,2025-02-25,NA-West,PC,Streamer
3660,2025-03-23,APAC,PC,Streamer
3661,2025-04-03,EU,PC,Organic
3662,2025-03-19,EU,Console,Organic
3663,2025-06-10,NA-East,PC,Paid Ads
3664,2025-06-09,EU,Console,Organic
3665,2025-03-27,APAC,Console,Organic
3666,2025-03-16,EU,PC,Organic
3667,2025-04-08,EU,PC,Paid Ads
3668,2025-01-31,NA-East,Console,Paid Ads
3669,2025-03-12,NA-East,Console,Organic
3670,2025-02-06,EU,Console,Streamer
3671,2025-01-24,APAC,PC,Paid Ads
3672,2025-01-16,NA-East,Console,Organic
3673,2025-04-08,NA-East,Console,Friend Referral
3674,2025-01-01,NA-East,Console,Organic
3675,2025-04-18,NA-East,PC,Streamer
3676,2025-03-13,APAC,PC,Paid Ads
3677,2025-03-02,EU,PC,Paid Ads
3678,2025-05-08,NA-East,Console,Paid Ads
3679,2025-03-31,NA-East,Console,Organic
3680,2025-05-02,NA-East,PC,Streamer
3681,2025-04-28,NA-West,PC,Streamer
3682,2025-01-06,EU,PC,Paid Ads
3683,2025-02-05,APAC,PC,Friend Referral
3684,2025-04-05,EU,Console,Organic
3685,2025-06-11,NA-West,PC,Organic
3686,2025-01-26,,PC,Organic
3687,2025-01-18,EU,Console,Friend Referral
3688,2025-06-06,NA-West,PC,Paid Ads
3689,2025-06-10,EU,PC,Streamer
3690,2025-01-28,EU,PC,Organic
3691,2025-03-08,APAC,PC,Organic
3692,2025-04-15,NA-West,PC,Organic
3693,2025-02-02,NA-West,PC,Streamer
3694,2025-02-24,NA-East,PC,Paid Ads
3695,2025-03-07,NA-West,PC,Friend Referral
3696,2025-04-17,NA-East,PC,Friend Referral
3697,2025-02-21,EU,PC,Friend Referral
3698,2025-03-10,,PC,Organic
3699,2025-02-18,NA-East,PC,Organic
3700,2025-05-07,APAC,PC,Organic
3701,2025-01-26,EU,Console,Organic
3702,2025-02-08,NA-East,PC,Friend Referral
3703,2025-02-11,EU,PC,Organic
3704,2025-05-31,NA-West,PC,Paid Ads
3705,2025-06-06,NA-West,PC,Friend Referral
3706,2025-03-25,EU,PC,Friend Referral
3707,2025-01-26,NA-East,PC,Streamer
3708,2025-05-06,NA-West,PC,Organic
3709,2025-03-23,NA-West,Console,Paid Ads
3710,2025-05-22,APAC,PC,Organic
3711,2025-03-01,NA-West,PC,Paid Ads
3712,2025-06-15,EU,Console,Friend Referral
3713,2025-05-14,NA-East,PC,Organic
3714,2025-02-07,EU,PC,Organic
3715,2025-05-01,NA-West,PC,Paid Ads
3716,2025-02-17,NA-West,PC,Paid Ads
3717,2025-02-28,EU,Console,Paid Ads
3718,2025-02-11,EU,PC,Friend Referral
3719,2025-04-24,NA-West,PC,Paid Ads
3720,2025-02-13,NA-East,Console,Friend Referral
3721,2025-04-17,NA-East,PC,Organic
3722,2025-04-07,NA-West,PC,Friend Referral
3723,2025-05-05,EU,PC,Friend Referral
3724,2025-06-14,NA-West,PC,Paid Ads
3725,2025-01-02,EU,PC,Friend Referral
3726,2025-06-14,NA-West,PC,Friend Referral
3727,2025-01-19,NA-East,PC,Streamer
3728,2025-03-29,NA-East,Console,Streamer
3729,2025-02-26,NA-East,PC,Organic
3730,2025-04-17,NA-East,Console,Streamer
3731,2025-04-30,APAC,PC,Organic
3732,2025-05-23,NA-East,Console,Streamer
3733,2025-03-08,APAC,PC,Organic
3734,2025-06-04,NA-West,Console,Friend Referral
3735,2025-02-23,NA-East,Console,Streamer
3736,2025-02-03,NA-West,PC,Organic
3737,2025-03-04,NA-East,PC,Paid Ads
3738,2025-03-29,EU,Console,Friend Referral
3739,2025-04-21,APAC,Console,Organic
3740,2025-05-19,EU,PC,Streamer
3741,2025-02-07,EU,Console,Friend Referral
3742,2025-02-20,NA-West,PC,Streamer
3743,2025-06-05,NA-West,PC,Streamer
3744,2025-03-15,EU,PC,Organic
3745,2025-02-10,NA-West,Console,Organic
3746,2025-06-13,NA-West,PC,Organic
3747,2025-03-16,APAC,PC,Friend Referral
3748,2025-06-13,APAC,PC,Organic
3749,2025-06-02,EU,PC,Friend Referral
3750,2025-05-31,NA-East,PC,Paid Ads
3751,2025-04-07,APAC,PC,Organic
3752,2025-05-13,NA-West,Console,Paid Ads
3753,2025-06-09,NA-East,PC,Friend Referral
3754,2025-02-14,NA-East,PC,Organic
3755,2025-01-07,APAC,PC,Organic
3756,2025-02-23,APAC,PC,Organic
3757,2025-04-16,EU,PC,Paid Ads
3758,2025-04-01,NA-West,PC,Organic
3759,2025-01-14,NA-East,PC,Paid Ads
3760,2025-04-04,NA-West,PC,Paid Ads
3761,2025-01-29,APAC,PC,Organic
3762,2025-03-25,NA-West,Console,Streamer
3763,2025-04-06,NA-West,PC,Streamer
3764,2025-04-16,EU,PC,Organic
3765,2025-03-10,NA-East,PC,Streamer
3766,2025-03-09,APAC,PC,Organic
3767,2025-04-23,NA-West,PC,Paid Ads
3768,2025-05-05,APAC,PC,Organic
3769,2025-05-15,NA-West,PC,Paid Ads
3770,2025-02-25,NA-West,PC,Paid Ads
3771,2025-03-12,NA-East,PC,Streamer
3772,2025-02-24,NA-West,PC,Streamer
3773,2025-03-29,EU,Console,Organic
3774,2025-01-22,NA-West,PC,Paid Ads
3775,2025-03-13,NA-West,PC,Organic
3776,2025-02-01,EU,PC,Organic
3777,2025-03-30,NA-West,PC,Organic
3778,2025-05-22,EU,PC,Streamer
3779,2025-06-13,EU,PC,Paid Ads
3780,2025-03-16,NA-West,PC,Organic
3781,2025-01-10,EU,PC,Streamer
3782,2025-02-07,NA-West,PC,Paid Ads
3783,2025-01-18,NA-East,PC,Organic
3784,2025-05-07,NA-West,PC,Friend Referral
3785,2025-06-13,APAC,Console,Paid Ads
3786,2025-04-02,EU,PC,Paid Ads
3787,2025-01-30,EU,Console,Friend Referral
3788,2025-01-04,APAC,Console,Friend Referral
3789,2025-06-12,NA-East,PC,Organic
3790,2025-02-22,APAC,PC,Friend Referral
3791,2025-01-19,EU,Console,Organic
3792,2025-01-30,APAC,PC,Organic
3793,2025-02-12,APAC,PC,Organic
3794,2025-04-19,APAC,PC,Paid Ads
3795,2025-05-29,NA-West,PC,Friend Referral
3796,2025-02-15,EU,Console,Friend Referral
3797,2025-04-25,APAC,Console,Organic
3798,2025-01-11,EU,Console,Streamer
3799,2025-01-02,NA-West,Console,Organic
3800,2025-01-10,APAC,PC,Friend Referral
3801,2025-06-03,NA-West,PC,Organic
3802,2025-04-07,NA-East,Console,Paid Ads
3803,2025-05-14,EU,Console,Friend Referral
3804,2025-01-04,NA-West,Console,Friend Referral
3805,2025-01-04,EU,Console,Streamer
3806,2025-05-21,NA-West,PC,Paid Ads
3807,2025-01-18,EU,PC,Friend Referral
3808,2025-01-26,APAC,Console,Friend Referral
3809,2025-03-28,NA-East,PC,Streamer
3810,2025-04-11,EU,PC,Streamer
3811,2025-02-07,NA-West,PC,Paid Ads
3812,2025-03-15,APAC,PC,Paid Ads
3813,2025-04-23,APAC,PC,Streamer
3814,2025-03-15,NA-West,PC,Streamer
3815,2025-03-05,EU,PC,Organic
3816,2025-01-12,EU,PC,Streamer
3817,2025-03-17,EU,PC,Paid Ads
3818,2025-05-14,EU,PC,Friend Referral
3819,2025-04-15,NA-East,PC,Friend Referral
3820,2025-05-29,EU,PC,Organic
3821,2025-01-21,NA-West,PC,Paid Ads
3822,2025-01-02,NA-East,PC,Paid Ads
3823,2025-04-01,APAC,PC,Organic
3824,2025-01-30,NA-West,Console,Paid Ads
3825,2025-04-09,EU,PC,Organic
3826,2025-05-31,NA-West,PC,Friend Referral
3827,2025-02-25,APAC,PC,Friend Referral
3828,2025-04-02,,PC,Paid Ads
3829,2025-04-24,NA-East,Console,Organic
3830,2025-01-25,NA-West,Console,Organic
3831,2025-05-29,NA-East,PC,Organic
3832,2025-02-03,APAC,Console,Paid Ads
3833,2025-05-15,EU,PC,Streamer
3834,2025-04-20,NA-East,PC,Paid Ads
3835,2025-01-24,EU,PC,Paid Ads
3836,2025-05-01,NA-East,PC,Organic
3837,2025-02-02,NA-East,PC,Organic
3838,2025-04-10,NA-East,PC,Streamer
3839,2025-06-09,NA-West,PC,Friend Referral
3840,2025-06-08,EU,PC,Organic
3841,2025-05-25,APAC,PC,Friend Referral
3842,2025-03-24,APAC,PC,Paid Ads
3843,2025-04-03,APAC,PC,Organic
3844,2025-02-19,NA-East,PC,Organic
3845,2025-06-02,NA-West,PC,Paid Ads
3846,2025-03-21,EU,PC,Organic
3847,2025-05-09,APAC,Console,Friend Referral
3848,2025-03-01,EU,PC,Paid Ads
3849,2025-05-03,NA-East,PC,Streamer
3850,2025-02-07,EU,Console,Friend Referral
3851,2025-05-02,EU,PC,Organic
3852,2025-01-08,APAC,PC,Friend Referral
3853,2025-01-18,EU,PC,Organic
3854,2025-02-28,NA-East,PC,Streamer
3855,2025-03-22,NA-West,PC,Paid Ads
3856,2025-04-29,NA-East,PC,Friend Referral
3857,2025-03-01,NA-East,PC,Paid Ads
3858,2025-01-04,APAC,Console,Organic
3859,2025-02-24,EU,PC,Friend Referral
3860,2025-03-14,NA-East,PC,Streamer
3861,2025-04-01,NA-East,Console,Organic
3862,2025-04-17,EU,PC,Organic
3863,2025-02-11,EU,Console,Streamer
3864,2025-04-12,NA-West,PC,Friend Referral
3865,2025-04-15,APAC,PC,Organic
3866,2025-05-09,NA-East,Console,Organic
3867,2025-03-28,NA-East,PC,Friend Referral
3868,2025-05-15,NA-West,Console,Friend Referral
3869,2025-02-06,EU,PC,Friend Referral
3870,2025-04-29,EU,Console,Organic
3871,2025-01-08,APAC,PC,Friend Referral
3872,2025-01-18,NA-West,PC,Paid Ads
3873,2025-05-24,APAC,PC,Streamer
3874,2025-03-20,EU,Console,Paid Ads
3875,2025-04-14,NA-West,PC,Paid Ads
3876,2025-04-11,NA-West,PC,Paid Ads
3877,2025-04-26,NA-West,Console,Organic
3878,2025-02-10,APAC,PC,Organic
3879,2025-01-30,NA-West,PC,Organic
3880,2025-01-08,NA-East,PC,Organic
3881,2025-05-24,EU,PC,Streamer
3882,2025-02-07,APAC,PC,Organic
3883,2025-04-06,EU,PC,Streamer
3884,2025-03-17,EU,PC,Organic
3885,2025-01-27,NA-West,PC,Friend Referral
3886,2025-03-10,APAC,PC,Friend Referral
3887,2025-01-14,NA-West,PC,Organic
3888,2025-01-30,NA-West,Console,Friend Referral
3889,2025-01-24,APAC,PC,Paid Ads
3890,2025-05-17,NA-West,PC,Friend Referral
3891,2025-04-05,NA-West,PC,Paid Ads
3892,2025-06-03,EU,PC,Streamer
3893,2025-03-14,,Console,Friend Referral
3894,2025-02-03,NA-West,PC,Streamer
3895,2025-04-12,EU,Console,Organic
3896,2025-06-04,EU,PC,Organic
3897,2025-03-30,EU,Console,Friend Referral
3898,2025-01-03,NA-West,Console,Friend Referral
3899,2025-02-20,EU,PC,Friend Referral
3900,2025-06-03,APAC,Console,Friend Referral
3901,2025-03-28,NA-West,Console,Streamer
3902,2025-06-08,NA-West,PC,Organic
3903,2025-03-26,NA-West,PC,Paid Ads
3904,2025-01-03,EU,PC,Friend Referral
3905,2025-05-25,NA-West,PC,Friend Referral
3906,2025-05-07,EU,PC,Organic
3907,2025-04-29,APAC,PC,Organic
3908,2025-06-11,,PC,Friend Referral
3909,2025-02-02,EU,PC,Paid Ads
3910,2025-05-31,NA-West,PC,Friend Referral
3911,2025-02-08,NA-West,PC,Organic
3912,2025-06-11,EU,PC,Paid Ads
3913,2025-02-01,NA-East,Console,Paid Ads
3914,2025-04-02,APAC,PC,Streamer
3915,2025-05-12,EU,Console,Friend Referral
3916,2025-01-13,NA-West,Console,Paid Ads
3917,2025-01-12,NA-East,Console,Friend Referral
3918,2025-05-22,NA-West,PC,Paid Ads
3919,2025-01-11,APAC,Console,Friend Referral
3920,2025-04-12,EU,Console,Organic
3921,2025-06-05,NA-East,Console,Streamer
3922,2025-04-13,EU,PC,Paid Ads
3923,2025-03-21,EU,PC,Paid Ads
3924,2025-03-11,EU,PC,Friend Referral
3925,2025-04-16,NA-West,PC,Paid Ads
3926,2025-04-05,NA-West,PC,Organic
3927,2025-03-25,NA-West,Console,Organic
3928,2025-01-26,NA-East,PC,Organic
3929,2025-04-21,NA-East,PC,Organic
3930,2025-05-03,NA-West,Console,Organic
3931,2025-04-28,NA-East,PC,Paid Ads
3932,2025-01-13,NA-East,PC,Organic
3933,2025-04-27,NA-West,Console,Paid Ads
3934,2025-05-02,APAC,Console,Streamer
3935,2025-01-31,EU,PC,Organic
3936,2025-05-21,NA-East,PC,Paid Ads
3937,2025-03-28,EU,PC,Friend Referral
3938,2025-03-20,NA-East,PC,Streamer
3939,2025-04-30,APAC,Console,Friend Referral
3940,2025-03-26,EU,Console,Friend Referral
3941,2025-04-01,NA-East,PC,Organic
3942,2025-02-21,APAC,PC,Streamer
3943,2025-06-04,APAC,PC,Organic
3944,2025-06-10,APAC,PC,Paid Ads
3945,2025-01-22,NA-West,PC,Organic
3946,2025-05-02,NA-West,PC,Paid Ads
3947,2025-01-04,EU,Console,Friend Referral
3948,2025-03-03,NA-East,PC,Organic
3949,2025-06-11,EU,PC,Organic
3950,2025-01-30,EU,PC,Organic
3951,2025-03-04,NA-West,Console,Paid Ads
3952,2025-02-06,NA-West,Console,Paid Ads
3953,2025-05-01,NA-East,PC,Organic
3954,2025-03-19,NA-West,PC,Friend Referral
3955,2025-04-09,EU,Console,Organic
3956,2025-06-06,EU,PC,Paid Ads
3957,2025-03-28,NA-East,PC,Paid Ads
3958,2025-05-02,EU,PC,Streamer
3959,2025-01-17,EU,Console,Streamer
3960,2025-02-05,EU,PC,Organic
3961,2025-06-07,NA-West,PC,Organic
3962,2025-05-23,EU,PC,Streamer
3963,2025-04-20,EU,PC,Organic
3964,2025-03-04,NA-West,PC,Organic
3965,2025-02-03,EU,Console,Organic
3966,2025-05-22,APAC,Console,Paid Ads
3967,2025-05-11,NA-West,PC,Paid Ads
3968,2025-02-10,EU,PC,Streamer
3969,2025-04-08,APAC,Console,Friend Referral
3970,2025-04-13,APAC,Console,Organic
3971,2025-03-21,NA-East,PC,Friend Referral
3972,2025-06-03,EU,PC,Paid Ads
3973,2025-01-21,APAC,PC,Organic
3974,2025-02-12,EU,PC,Streamer
3975,2025-01-16,NA-West,PC,Friend Referral
3976,2025-04-26,NA-West,PC,Paid Ads
3977,2025-04-17,EU,PC,Paid Ads
3978,2025-06-13,NA-East,Console,Friend Referral
3979,2025-04-01,NA-West,Console,Paid Ads
3980,2025-01-25,NA-East,Console,Friend Referral
3981,2025-03-16,EU,PC,Paid Ads
3982,2025-01-15,NA-East,PC,Paid Ads
3983,2025-04-22,APAC,PC,Friend Referral
3984,2025-04-22,EU,PC,Organic
3985,2025-05-23,APAC,PC,Streamer
3986,2025-02-26,APAC,PC,Streamer
3987,2025-02-21,NA-West,Console,Paid Ads
3988,2025-01-12,EU,Console,Streamer
3989,2025-03-10,NA-West,PC,Friend Referral
3990,2025-03-20,APAC,Console,Friend Referral
3991,2025-05-06,NA-West,PC,Friend Referral
3992,2025-05-06,EU,PC,Organic
3993,2025-01-24,APAC,PC,Friend Referral
3994,2025-02-17,NA-West,PC,Paid Ads
3995,2025-03-26,APAC,PC,Organic
3996,2025-02-25,NA-West,PC,Organic
3997,2025-01-05,NA-East,PC,Paid Ads
3998,2025-05-21,NA-East,Console,Paid Ads
3999,2025-05-02,NA-East,PC,Streamer
4000,2025-03-28,EU,PC,Organic
4001,2025-02-22,APAC,PC,Paid Ads
4002,2025-05-20,NA-East,PC,Organic
4003,2025-01-06,EU,PC,Organic
4004,2025-03-16,APAC,PC,Paid Ads
4005,2025-05-13,EU,Console,Friend Referral
4006,2025-06-08,NA-West,PC,Paid Ads
4007,2025-02-11,APAC,PC,Organic
4008,2025-04-19,NA-West,PC,Organic
4009,2025-02-01,EU,Console,Friend Referral
4010,2025-01-20,EU,PC,Organic
4011,2025-02-28,EU,PC,Organic
4012,2025-05-27,NA-West,Console,Organic
4013,2025-04-25,NA-West,PC,Organic
4014,2025-03-23,EU,PC,Paid Ads
4015,2025-02-16,NA-West,PC,Organic
4016,2025-01-24,NA-East,PC,Paid Ads
4017,2025-02-14,EU,Console,Friend Referral
4018,2025-01-26,EU,PC,Friend Referral
4019,2025-02-01,NA-West,PC,Friend Referral
4020,2025-04-25,NA-East,PC,Paid Ads
4021,2025-01-23,APAC,PC,Streamer
4022,2025-01-08,NA-East,PC,Organic
4023,2025-04-01,NA-West,Console,Paid Ads
4024,2025-02-17,NA-West,PC,Organic
4025,2025-03-17,NA-East,Console,Friend Referral
4026,2025-01-24,APAC,Console,Friend Referral
4027,2025-02-04,NA-East,PC,Organic
4028,2025-03-15,NA-West,Console,Organic
4029,2025-04-25,EU,Console,Organic
4030,2025-03-10,NA-West,PC,Organic
4031,2025-03-31,NA-West,PC,Friend Referral
4032,2025-03-28,APAC,PC,Organic
4033,2025-02-14,EU,PC,Paid Ads
4034,2025-02-16,NA-West,Console,Streamer
4035,2025-03-12,NA-East,PC,Organic
4036,2025-01-06,NA-West,PC,Organic
4037,2025-04-24,NA-West,PC,Friend Referral
4038,2025-04-12,EU,PC,Streamer
4039,2025-02-20,EU,Console,Friend Referral
4040,2025-03-04,EU,Console,Organic
4041,2025-02-24,APAC,Console,Streamer
4042,2025-04-19,NA-West,PC,Friend Referral
4043,2025-05-07,APAC,PC,Organic
4044,2025-01-19,EU,Console,Streamer
4045,2025-03-10,NA-West,PC,Streamer
4046,2025-01-03,APAC,PC,Friend Referral
4047,2025-03-17,NA-West,PC,Organic
4048,2025-02-11,EU,PC,Friend Referral
4049,2025-02-25,EU,PC,Organic
4050,2025-03-17,NA-West,PC,Friend Referral
4051,2025-02-23,APAC,PC,Organic
4052,2025-03-07,NA-West,Console,Paid Ads
4053,2025-05-07,APAC,PC,Paid Ads
4054,2025-05-15,NA-West,PC,Streamer
4055,2025-01-01,NA-West,Console,Paid Ads
4056,2025-03-04,NA-East,PC,Organic
4057,2025-05-21,APAC,PC,Organic
4058,2025-03-30,NA-West,Console,Friend Referral
4059,2025-02-04,APAC,Console,Organic
4060,2025-04-09,NA-West,PC,Organic
4061,2025-01-25,NA-East,Console,Paid Ads
4062,2025-01-04,NA-East,PC,Friend Referral
4063,2025-04-15,NA-West,PC,Organic
4064,2025-03-27,APAC,PC,Friend Referral
4065,2025-05-06,NA-East,PC,Streamer
4066,2025-02-27,EU,PC,Paid Ads
4067,2025-05-22,EU,PC,Organic
4068,2025-03-11,EU,Console,Friend Referral
4069,2025-05-03,EU,PC,Streamer
4070,2025-01-17,APAC,PC,Organic
4071,2025-01-17,EU,Console,Paid Ads
4072,2025-05-10,EU,Console,Paid Ads
4073,2025-05-19,EU,PC,Paid Ads
4074,2025-06-06,EU,Console,Organic
4075,2025-02-23,,Console,Streamer
4076,2025-01-04,EU,PC,Organic
4077,2025-06-12,NA-East,PC,Organic
4078,2025-04-10,EU,PC,Organic
4079,2025-02-11,APAC,PC,Friend Referral
4080,2025-05-07,APAC,PC,Organic
4081,2025-05-31,APAC,PC,Paid Ads
4082,2025-02-17,EU,Console,Streamer
4083,2025-05-08,EU,PC,Organic
4084,2025-05-11,NA-West,PC,Paid Ads
4085,2025-03-25,NA-East,Console,Streamer
4086,2025-04-15,NA-West,Console,Organic
4087,2025-02-14,NA-West,Console,Paid Ads
4088,2025-06-04,APAC,PC,Streamer
4089,2025-06-13,APAC,PC,Paid Ads
4090,2025-06-12,EU,PC,Friend Referral
4091,2025-05-03,NA-West,PC,Streamer
4092,2025-01-08,EU,PC,Paid Ads
4093,2025-03-02,NA-East,Console,Organic
4094,2025-03-15,APAC,PC,Organic
4095,2025-06-09,APAC,PC,Friend Referral
4096,2025-04-01,NA-East,PC,Friend Referral
4097,2025-03-31,NA-West,PC,Organic
4098,2025-01-25,NA-West,PC,Organic
4099,2025-05-12,NA-West,Console,Paid Ads
4100,2025-02-25,NA-East,PC,Paid Ads
4101,2025-01-16,NA-West,Console,Organic
4102,2025-06-13,NA-West,PC,Organic
4103,2025-02-01,NA-West,PC,Organic
4104,2025-01-03,NA-West,Console,Organic
4105,2025-01-13,EU,PC,Paid Ads
4106,2025-03-17,NA-West,PC,Organic
4107,2025-01-18,APAC,PC,Streamer
4108,2025-05-20,NA-West,PC,Organic
4109,2025-03-27,NA-West,PC,Organic
4110,2025-02-23,NA-West,PC,Streamer
4111,2025-01-01,EU,PC,Friend Referral
4112,2025-03-21,NA-West,PC,Organic
4113,2025-01-26,EU,PC,Organic
4114,2025-06-12,NA-West,Console,Paid Ads
4115,2025-02-18,APAC,Console,Friend Referral
4116,2025-03-20,NA-West,PC,Paid Ads
4117,2025-01-04,NA-East,PC,Paid Ads
4118,2025-01-22,APAC,PC,Streamer
4119,2025-02-04,NA-West,PC,Paid Ads
4120,2025-01-09,NA-West,PC,Paid Ads
4121,2025-05-01,APAC,Console,Paid Ads
4122,2025-06-06,NA-West,PC,Friend Referral
4123,2025-06-13,NA-West,PC,Paid Ads
4124,2025-02-14,NA-East,PC,Paid Ads
4125,2025-05-11,NA-West,Console,Organic
4126,2025-03-25,APAC,PC,Paid Ads
4127,2025-01-08,EU,PC,Organic
4128,2025-01-16,EU,Console,Friend Referral
4129,2025-04-01,NA-West,PC,Organic
4130,2025-03-12,EU,PC,Organic
4131,2025-01-02,EU,PC,Organic
4132,2025-06-04,NA-West,PC,Organic
4133,2025-05-02,APAC,PC,Organic
4134,2025-03-25,EU,PC,Organic
4135,2025-06-13,EU,PC,Friend Referral
4136,2025-06-11,NA-West,PC,Friend Referral
4137,2025-06-11,NA-West,Console,Streamer
4138,2025-02-12,EU,Console,Paid Ads
4139,2025-05-27,EU,Console,Organic
4140,2025-03-25,NA-East,Console,Friend Referral
4141,2025-05-01,NA-West,Console,Friend Referral
4142,2025-05-23,APAC,PC,Friend Referral
4143,2025-01-28,NA-West,PC,Friend Referral
4144,2025-03-16,NA-East,PC,Paid Ads
4145,2025-01-22,EU,PC,Paid Ads
4146,2025-02-16,NA-West,PC,Friend Referral
4147,2025-03-10,NA-West,PC,Paid Ads
4148,2025-05-23,NA-West,PC,Organic
4149,2025-05-24,APAC,PC,Paid Ads
4150,2025-03-06,NA-East,Console,Streamer
4151,2025-02-24,EU,PC,Organic
4152,2025-03-30,APAC,PC,Paid Ads
4153,2025-06-01,EU,PC,Paid Ads
4154,2025-06-12,EU,PC,Friend Referral
4155,2025-02-07,EU,PC,Organic
4156,2025-01-31,NA-East,PC,Paid Ads
4157,2025-04-28,EU,PC,Friend Referral
4158,2025-02-20,APAC,PC,Organic
4159,2025-02-03,EU,PC,Paid Ads
4160,2025-01-06,NA-East,Console,Friend Referral
4161,2025-03-08,NA-East,Console,Organic
4162,2025-03-07,APAC,PC,Streamer
4163,2025-04-04,NA-West,PC,Organic
4164,2025-02-03,APAC,PC,Friend Referral
4165,2025-04-29,NA-West,Console,Paid Ads
4166,2025-04-23,EU,PC,Organic
4167,2025-03-18,APAC,Console,Paid Ads
4168,2025-01-31,NA-East,Console,Paid Ads
4169,2025-03-26,NA-West,PC,Friend Referral
4170,2025-04-23,APAC,PC,Friend Referral
4171,2025-03-03,NA-East,PC,Streamer
4172,2025-02-13,NA-East,PC,Streamer
4173,2025-03-26,EU,PC,Organic
4174,2025-02-28,NA-East,Console,Friend Referral
4175,2025-03-08,EU,PC,Friend Referral
4176,2025-02-27,NA-West,PC,Streamer
4177,2025-02-20,NA-East,PC,Paid Ads
4178,2025-04-29,APAC,Console,Friend Referral
4179,2025-03-18,NA-West,PC,Streamer
4180,2025-03-19,NA-East,PC,Friend Referral
4181,2025-04-19,EU,PC,Organic
4182,2025-03-01,APAC,PC,Paid Ads
4183,2025-01-17,EU,Console,Friend Referral
4184,2025-05-22,APAC,Console,Paid Ads
4185,2025-01-10,NA-West,Console,Friend Referral
4186,2025-04-05,NA-East,Console,Paid Ads
4187,2025-02-14,APAC,PC,Streamer
4188,2025-02-05,APAC,PC,Organic
4189,2025-01-07,,PC,Friend Referral
4190,2025-05-30,NA-East,PC,Paid Ads
4191,2025-03-13,NA-East,PC,Organic
4192,2025-02-26,NA-West,Console,Paid Ads
4193,2025-05-04,APAC,PC,Friend Referral
4194,2025-01-07,APAC,PC,Organic
4195,2025-04-04,,PC,Streamer
4196,2025-03-24,NA-West,Console,Friend Referral
4197,2025-04-02,NA-East,Console,Organic
4198,2025-01-21,NA-West,PC,Organic
4199,2025-06-08,EU,Console,Paid Ads
4200,2025-02-09,EU,Console,Streamer
4201,2025-04-23,NA-West,PC,Friend Referral
4202,2025-05-05,EU,Console,Organic
4203,2025-02-27,APAC,PC,Organic
4204,2025-01-22,NA-West,PC,Paid Ads
4205,2025-02-19,NA-East,PC,Friend Referral
4206,2025-05-14,NA-East,PC,Friend Referral
4207,2025-05-31,NA-West,PC,Organic
4208,2025-06-05,EU,PC,Friend Referral
4209,2025-02-07,EU,PC,Paid Ads
4210,2025-04-11,NA-West,PC,Friend Referral
4211,2025-01-26,NA-West,PC,Organic
4212,2025-04-28,APAC,PC,Friend Referral
4213,2025-03-11,NA-East,PC,Friend Referral
4214,2025-04-29,EU,PC,Friend Referral
4215,2025-04-24,EU,Console,Organic
4216,2025-06-14,APAC,Console,Organic
4217,2025-03-23,EU,PC,Friend Referral
4218,2025-02-26,APAC,Console,Organic
4219,2025-03-29,EU,PC,Paid Ads
4220,2025-01-28,NA-East,Console,Friend Referral
4221,2025-01-19,NA-East,PC,Organic
4222,2025-03-28,NA-East,PC,Paid Ads
4223,2025-05-18,NA-East,PC,Friend Referral
4224,2025-03-30,NA-West,PC,Organic
4225,2025-05-10,NA-East,PC,Paid Ads
4226,2025-01-30,NA-East,PC,Friend Referral
4227,2025-03-16,NA-West,PC,Streamer
4228,2025-04-12,NA-West,PC,Organic
4229,2025-02-27,EU,Console,Streamer
4230,2025-01-03,EU,PC,Paid Ads
4231,2025-01-13,APAC,Console,Organic
4232,2025-06-03,EU,PC,Friend Referral
4233,2025-04-11,APAC,Console,Paid Ads
4234,2025-02-13,EU,PC,Friend Referral
4235,2025-02-12,NA-West,Console,Friend Referral
4236,2025-01-07,APAC,Console,Streamer
4237,2025-06-06,NA-West,Console,Paid Ads
4238,2025-01-18,EU,Console,Streamer
4239,2025-05-07,EU,PC,Paid Ads
4240,2025-02-09,NA-East,Console,Paid Ads
4241,2025-02-25,EU,PC,Paid Ads
4242,2025-02-15,NA-East,PC,Paid Ads
4243,2025-05-17,NA-West,Console,Streamer
4244,2025-01-06,NA-West,PC,Paid Ads
4245,2025-02-28,NA-West,PC,Organic
4246,2025-02-16,NA-West,Console,Friend Referral
4247,2025-02-15,EU,PC,Organic
4248,2025-02-02,EU,PC,Streamer
4249,2025-06-01,NA-East,PC,Paid Ads
4250,2025-03-04,EU,Console,Friend Referral
4251,2025-03-11,NA-West,Console,Organic
4252,2025-03-05,NA-West,PC,Friend Referral
4253,2025-06-12,EU,PC,Organic
4254,2025-02-26,APAC,PC,Paid Ads
4255,2025-02-26,NA-East,PC,Paid Ads
4256,2025-02-24,NA-West,PC,Friend Referral
4257,2025-02-24,EU,Console,Organic
4258,2025-01-15,APAC,PC,Friend Referral
4259,2025-04-11,NA-East,PC,Friend Referral
4260,2025-01-05,NA-West,PC,Streamer
4261,2025-02-07,NA-West,PC,Streamer
4262,2025-02-03,EU,PC,Paid Ads
4263,2025-02-18,APAC,PC,Organic
4264,2025-05-06,EU,PC,Organic
4265,2025-04-10,NA-East,Console,Streamer
4266,2025-06-14,EU,PC,Streamer
4267,2025-02-28,APAC,PC,Organic
4268,2025-06-04,NA-East,Console,Paid Ads
4269,2025-01-08,APAC,PC,Friend Referral
4270,2025-03-25,NA-East,PC,Organic
4271,2025-05-13,NA-East,PC,Streamer
4272,2025-03-30,EU,PC,Streamer
4273,2025-06-04,NA-East,PC,Streamer
4274,2025-02-22,APAC,PC,Organic
4275,2025-01-06,EU,PC,Friend Referral
4276,2025-05-09,NA-East,PC,Streamer
4277,2025-01-12,NA-East,PC,Paid Ads
4278,2025-05-07,EU,PC,Friend Referral
4279,2025-05-02,NA-East,PC,Friend Referral
4280,2025-05-21,EU,Console,Organic
4281,2025-03-21,,PC,Paid Ads
4282,2025-05-29,NA-East,PC,Streamer
4283,2025-01-29,EU,PC,Organic
4284,2025-03-14,NA-West,PC,Organic
4285,2025-01-21,EU,PC,Friend Referral
4286,2025-05-08,EU,PC,Friend Referral
4287,2025-04-29,NA-East,PC,Organic
4288,2025-05-14,EU,PC,Organic
4289,2025-05-07,EU,Console,Paid Ads
4290,2025-02-21,APAC,PC,Organic
4291,2025-01-12,NA-East,Console,Paid Ads
4292,2025-06-04,NA-East,PC,Friend Referral
4293,2025-03-23,EU,PC,Friend Referral
4294,2025-01-16,EU,PC,Friend Referral
4295,2025-06-03,EU,PC,Paid Ads
4296,2025-06-15,EU,Console,Friend Referral
4297,2025-03-15,EU,PC,Friend Referral
4298,2025-05-08,NA-West,PC,Friend Referral
4299,2025-01-07,EU,PC,Friend Referral
4300,2025-01-16,NA-West,PC,Friend Referral
4301,2025-02-15,NA-East,Console,Friend Referral
4302,2025-04-19,EU,PC,Friend Referral
4303,2025-01-23,NA-East,Console,Organic
4304,2025-01-06,NA-East,Console,Paid Ads
4305,2025-04-22,APAC,PC,Organic
4306,2025-05-08,EU,PC,Streamer
4307,2025-05-03,EU,PC,Paid Ads
4308,2025-05-13,APAC,PC,Organic
4309,2025-05-14,NA-East,PC,Paid Ads
4310,2025-04-11,EU,Console,Friend Referral
4311,2025-03-28,NA-West,Console,Streamer
4312,2025-05-23,NA-West,PC,Streamer
4313,2025-02-27,NA-East,Console,Paid Ads
4314,2025-01-17,NA-West,Console,Friend Referral
4315,2025-05-05,EU,PC,Streamer
4316,2025-02-15,NA-West,Console,Paid Ads
4317,2025-06-12,EU,PC,Streamer
4318,2025-03-10,NA-West,PC,Organic
4319,2025-05-22,NA-West,PC,Streamer
4320,2025-01-08,APAC,PC,Paid Ads
4321,2025-04-20,EU,Console,Organic
4322,2025-03-16,APAC,PC,Streamer
4323,2025-03-18,NA-East,Console,Paid Ads
4324,2025-02-14,NA-West,PC,Streamer
4325,2025-06-11,EU,PC,Organic
4326,2025-03-07,EU,PC,Friend Referral
4327,2025-05-22,NA-West,PC,Paid Ads
4328,2025-03-12,APAC,PC,Organic
4329,2025-01-09,EU,PC,Paid Ads
4330,2025-05-26,EU,PC,Paid Ads
4331,2025-01-31,NA-East,PC,Organic
4332,2025-02-14,EU,PC,Paid Ads
4333,2025-05-23,NA-West,PC,Organic
4334,2025-05-29,APAC,PC,Paid Ads
4335,2025-06-02,NA-East,PC,Streamer
4336,2025-03-12,NA-West,Console,Friend Referral
4337,2025-05-06,NA-West,PC,Friend Referral
4338,2025-02-24,EU,Console,Friend Referral
4339,2025-05-03,,PC,Organic
4340,2025-03-25,APAC,PC,Streamer
4341,2025-01-09,EU,Console,Organic
4342,2025-03-11,APAC,Console,Friend Referral
4343,2025-03-19,EU,PC,Organic
4344,2025-02-12,NA-East,PC,Paid Ads
4345,2025-03-04,EU,PC,Paid Ads
4346,2025-03-25,NA-West,PC,Organic
4347,2025-01-09,NA-West,Console,Organic
4348,2025-01-26,NA-East,PC,Organic
4349,2025-05-08,NA-West,PC,Organic
4350,2025-02-28,APAC,PC,Friend Referral
4351,2025-04-11,APAC,PC,Paid Ads
4352,2025-04-04,NA-East,PC,Friend Referral
4353,2025-04-02,EU,PC,Organic
4354,2025-03-10,NA-East,Console,Paid Ads
4355,2025-03-22,NA-West,PC,Paid Ads
4356,2025-05-17,NA-East,PC,Friend Referral
4357,2025-06-10,NA-West,PC,Organic
4358,2025-02-12,NA-East,PC,Paid Ads
4359,2025-04-22,NA-West,PC,Organic
4360,2025-06-10,NA-West,PC,Paid Ads
4361,2025-01-02,NA-West,Console,Paid Ads
4362,2025-05-11,APAC,Console,Streamer
4363,2025-03-24,NA-West,Console,Organic
4364,2025-06-10,NA-East,Console,Organic
4365,2025-04-06,EU,PC,Streamer
4366,2025-05-20,NA-East,PC,Friend Referral
4367,2025-01-28,EU,PC,Friend Referral
4368,2025-01-24,NA-West,Console,Friend Referral
4369,2025-06-03,EU,PC,Organic
4370,2025-03-29,EU,PC,Paid Ads
4371,2025-04-03,EU,PC,Streamer
4372,2025-01-29,EU,PC,Paid Ads
4373,2025-02-07,NA-East,PC,Friend Referral
4374,2025-05-16,NA-East,PC,Streamer
4375,2025-02-20,NA-West,PC,Paid Ads
4376,2025-04-07,EU,PC,Organic
4377,2025-02-22,NA-West,Console,Paid Ads
4378,2025-02-13,NA-East,PC,Organic
4379,2025-01-28,EU,PC,Organic
4380,2025-06-04,NA-West,PC,Paid Ads
4381,2025-06-06,NA-West,PC,Organic
4382,2025-01-20,EU,Console,Organic
4383,2025-02-28,NA-East,PC,Paid Ads
4384,2025-04-04,APAC,Console,Organic
4385,2025-03-05,APAC,PC,Friend Referral
4386,2025-04-30,APAC,PC,Organic
4387,2025-02-13,NA-East,Console,Paid Ads
4388,2025-01-10,NA-West,PC,Streamer
4389,2025-02-25,EU,Console,Organic
4390,2025-04-10,EU,PC,Paid Ads
4391,2025-01-30,EU,PC,Organic
4392,2025-05-16,NA-East,PC,Organic
4393,2025-01-03,NA-West,PC,Friend Referral
4394,2025-01-12,NA-West,Console,Organic
4395,2025-03-26,NA-West,PC,Organic
4396,2025-03-27,NA-West,PC,Paid Ads
4397,2025-02-18,APAC,PC,Paid Ads
4398,2025-02-12,NA-West,PC,Streamer
4399,2025-01-12,EU,PC,Streamer
4400,2025-04-21,APAC,Console,Friend Referral
4401,2025-03-04,NA-East,PC,Organic
4402,2025-01-20,EU,PC,Organic
4403,2025-03-08,EU,PC,Friend Referral
4404,2025-06-05,NA-East,PC,Streamer
4405,2025-02-13,NA-East,PC,Organic
4406,2025-05-29,APAC,Console,Organic
4407,2025-02-12,EU,PC,Friend Referral
4408,2025-01-31,APAC,Console,Streamer
4409,2025-02-13,APAC,PC,Friend Referral
4410,2025-02-23,NA-East,PC,Paid Ads
4411,2025-01-21,EU,Console,Friend Referral
4412,2025-04-08,EU,Console,Friend Referral
4413,2025-02-25,EU,Console,Friend Referral
4414,2025-04-30,EU,PC,Paid Ads
4415,2025-03-23,EU,Console,Paid Ads
4416,2025-03-15,APAC,Console,Friend Referral
4417,2025-03-20,NA-East,Console,Organic
4418,2025-01-26,EU,PC,Organic
4419,2025-04-29,,Console,Organic
4420,2025-01-18,EU,PC,Organic
4421,2025-04-30,EU,Console,Organic
4422,2025-06-15,EU,PC,Paid Ads
4423,2025-05-07,NA-East,Console,Paid Ads
4424,2025-03-17,EU,Console,Paid Ads
4425,2025-02-22,NA-East,PC,Paid Ads
4426,2025-05-25,NA-West,PC,Streamer
4427,2025-02-12,NA-West,PC,Streamer
4428,2025-03-22,APAC,Console,Organic
4429,2025-05-08,NA-East,Console,Organic
4430,2025-06-03,APAC,Console,Organic
4431,2025-06-02,NA-West,Console,Streamer
4432,2025-01-15,EU,PC,Organic
4433,2025-05-30,EU,PC,Organic
4434,2025-01-19,EU,PC,Friend Referral
4435,2025-04-08,EU,Console,Paid Ads
4436,2025-06-04,,PC,Friend Referral
4437,2025-04-19,APAC,Console,Paid Ads
4438,2025-06-07,EU,Console,Friend Referral
4439,2025-02-27,NA-West,PC,Streamer
4440,2025-02-22,NA-West,Console,Organic
4441,2025-02-24,EU,PC,Streamer
4442,2025-02-28,NA-East,PC,Friend Referral
4443,2025-04-24,EU,PC,Organic
4444,2025-03-17,EU,PC,Streamer
4445,2025-05-03,NA-East,PC,Streamer
4446,2025-03-11,EU,PC,Paid Ads
4447,2025-02-21,EU,PC,Streamer
4448,2025-02-01,EU,PC,Friend Referral
4449,2025-04-02,EU,PC,Organic
4450,2025-05-30,APAC,PC,Organic
4451,2025-05-23,EU,Console,Streamer
4452,2025-02-12,APAC,PC,Paid Ads
4453,2025-03-21,NA-West,PC,Streamer
4454,2025-04-28,EU,Console,Paid Ads
4455,2025-04-12,EU,Console,Paid Ads
4456,2025-01-12,NA-East,PC,Organic
4457,2025-04-09,NA-West,Console,Organic
4458,2025-01-07,EU,PC,Friend Referral
4459,2025-01-20,NA-East,Console,Paid Ads
4460,2025-04-19,APAC,PC,Organic
4461,2025-01-18,NA-East,PC,Streamer
4462,2025-02-26,NA-West,PC,Paid Ads
4463,2025-04-08,EU,Console,Organic
4464,2025-04-19,NA-East,PC,Streamer
4465,2025-03-15,NA-West,PC,Friend Referral
4466,2025-01-16,EU,PC,Paid Ads
4467,2025-05-13,,Console,Friend Referral
4468,2025-06-07,NA-West,PC,Friend Referral
4469,2025-05-28,EU,PC,Organic
4470,2025-05-05,EU,PC,Friend Referral
4471,2025-03-08,EU,Console,Paid Ads
4472,2025-05-26,NA-East,PC,Streamer
4473,2025-03-23,NA-West,Console,Streamer
4474,2025-01-23,APAC,PC,Organic
4475,2025-05-22,EU,PC,Streamer
4476,2025-02-23,NA-West,PC,Organic
4477,2025-06-05,APAC,PC,Organic
4478,2025-03-03,NA-West,PC,Paid Ads
4479,2025-05-25,EU,PC,Streamer
4480,2025-03-31,EU,Console,Streamer
4481,2025-03-19,APAC,PC,Paid Ads
4482,2025-02-19,APAC,PC,Organic
4483,2025-05-19,NA-West,PC,Organic
4484,2025-01-11,EU,PC,Organic
4485,2025-03-19,NA-East,PC,Friend Referral
4486,2025-03-03,EU,PC,Friend Referral
4487,2025-04-01,EU,PC,Organic
4488,2025-02-12,NA-West,PC,Friend Referral
4489,2025-04-21,NA-West,Console,Friend Referral
4490,2025-03-06,NA-West,PC,Paid Ads
4491,2025-02-01,NA-West,Console,Friend Referral
4492,2025-02-02,NA-West,PC,Organic
4493,2025-04-26,APAC,Console,Paid Ads
4494,2025-02-13,EU,PC,Paid Ads
4495,2025-02-21,EU,PC,Organic
4496,2025-04-15,APAC,Console,Organic
4497,2025-02-24,EU,PC,Streamer
4498,2025-03-06,NA-East,PC,Paid Ads
4499,2025-02-10,APAC,Console,Organic
4500,2025-02-27,EU,PC,Friend Referral
4501,2025-04-26,EU,PC,Friend Referral
4502,2025-03-30,APAC,PC,Organic
4503,2025-06-15,EU,PC,Organic
4504,2025-05-09,EU,Console,Streamer
4505,2025-01-03,APAC,PC,Friend Referral
4506,2025-03-04,NA-East,PC,Organic
4507,2025-02-18,APAC,PC,Paid Ads
4508,2025-04-08,NA-West,Console,Friend Referral
4509,2025-02-14,NA-West,Console,Paid Ads
4510,2025-06-10,EU,PC,Organic
4511,2025-02-19,NA-West,Console,Organic
4512,2025-03-28,APAC,PC,Organic
4513,2025-01-21,NA-West,Console,Streamer
4514,2025-06-01,EU,PC,Paid Ads
4515,2025-06-01,NA-West,PC,Paid Ads
4516,2025-05-12,APAC,PC,Organic
4517,2025-02-28,NA-East,Console,Paid Ads
4518,2025-01-10,NA-West,Console,Friend Referral
4519,2025-04-29,NA-West,PC,Paid Ads
4520,2025-03-13,EU,PC,Friend Referral
4521,2025-06-14,APAC,PC,Paid Ads
4522,2025-04-26,APAC,PC,Organic
4523,2025-03-31,NA-East,PC,Organic
4524,2025-06-13,NA-East,PC,Paid Ads
4525,2025-05-13,NA-West,PC,Organic
4526,2025-03-18,EU,PC,Organic
4527,2025-01-04,EU,Console,Streamer
4528,2025-01-16,NA-West,PC,Organic
4529,2025-03-15,EU,PC,Friend Referral
4530,2025-04-04,APAC,PC,Paid Ads
4531,2025-01-06,NA-West,PC,Paid Ads
4532,2025-01-22,NA-West,PC,Organic
4533,2025-04-27,NA-West,Console,Friend Referral
4534,2025-05-05,NA-West,PC,Friend Referral
4535,2025-01-05,NA-West,PC,Friend Referral
4536,2025-03-26,EU,Console,Paid Ads
4537,2025-01-14,NA-West,PC,Streamer
4538,2025-05-01,EU,PC,Organic
4539,2025-05-19,APAC,Console,Organic
4540,2025-05-25,APAC,PC,Paid Ads
4541,2025-04-10,EU,PC,Friend Referral
4542,2025-04-15,NA-West,Console,Paid Ads
4543,2025-06-03,NA-West,Console,Organic
4544,2025-04-12,NA-West,PC,Organic
4545,2025-03-16,APAC,PC,Paid Ads
4546,2025-05-06,APAC,Console,Streamer
4547,2025-04-09,NA-East,PC,Organic
4548,2025-05-20,NA-East,PC,Streamer
4549,2025-03-29,EU,PC,Friend Referral
4550,2025-05-25,NA-West,Console,Organic
4551,2025-01-08,APAC,PC,Friend Referral
4552,2025-01-07,NA-West,PC,Organic
4553,2025-01-17,NA-East,PC,Paid Ads
4554,2025-04-03,NA-East,PC,Organic
4555,2025-04-28,NA-West,Console,Friend Referral
4556,2025-02-05,NA-East,PC,Organic
4557,2025-01-26,,PC,Paid Ads
4558,2025-05-23,NA-West,Console,Streamer
4559,2025-05-05,EU,PC,Friend Referral
4560,2025-04-18,,PC,Friend Referral
4561,2025-03-23,NA-West,PC,Streamer
4562,2025-03-11,NA-West,Console,Organic
4563,2025-01-04,NA-West,Console,Paid Ads
4564,2025-02-01,NA-West,Console,Friend Referral
4565,2025-05-29,NA-East,PC,Streamer
4566,2025-02-26,APAC,PC,Organic
4567,2025-04-27,EU,PC,Organic
4568,2025-04-27,APAC,Console,Organic
4569,2025-02-21,NA-East,PC,Organic
4570,2025-02-03,EU,PC,Organic
4571,2025-04-25,EU,Console,Streamer
4572,2025-01-16,NA-West,PC,Organic
4573,2025-03-24,NA-East,PC,Organic
4574,2025-05-28,EU,PC,Organic
4575,2025-04-29,EU,PC,Friend Referral
4576,2025-05-07,NA-East,Console,Friend Referral
4577,2025-01-14,NA-West,PC,Organic
4578,2025-02-03,APAC,Console,Paid Ads
4579,2025-02-15,NA-West,PC,Paid Ads
4580,2025-02-18,APAC,PC,Organic
4581,2025-02-02,APAC,Console,Paid Ads
4582,2025-06-11,APAC,Console,Friend Referral
4583,2025-01-28,EU,PC,Friend Referral
4584,2025-04-28,,PC,Streamer
4585,2025-04-08,EU,Console,Streamer
4586,2025-04-12,EU,Console,Friend Referral
4587,2025-02-05,EU,PC,Friend Referral
4588,2025-02-21,NA-West,PC,Organic
4589,2025-04-11,NA-West,PC,Friend Referral
4590,2025-02-19,NA-East,PC,Paid Ads
4591,2025-04-26,NA-East,PC,Organic
4592,2025-01-07,EU,PC,Streamer
4593,2025-01-13,APAC,PC,Paid Ads
4594,2025-05-01,EU,PC,Organic
4595,2025-04-13,,PC,Streamer
4596,2025-01-08,NA-West,PC,Paid Ads
4597,2025-05-30,NA-East,PC,Organic
4598,2025-01-01,NA-East,PC,Friend Referral
4599,2025-06-08,NA-West,Console,Streamer
4600,2025-05-02,NA-West,PC,Streamer
4601,2025-06-14,NA-East,PC,Organic
4602,2025-06-07,NA-West,PC,Paid Ads
4603,2025-02-21,EU,PC,Streamer
4604,2025-05-06,NA-West,PC,Streamer
4605,2025-02-05,NA-West,PC,Organic
4606,2025-03-20,NA-West,PC,Friend Referral
4607,2025-02-09,EU,PC,Streamer
4608,2025-03-22,EU,PC,Organic
4609,2025-05-25,NA-East,PC,Friend Referral
4610,2025-03-14,NA-West,PC,Friend Referral
4611,2025-01-16,APAC,PC,Friend Referral
4612,2025-02-23,EU,PC,Paid Ads
4613,2025-05-11,EU,Console,Organic
4614,2025-03-28,EU,PC,Paid Ads
4615,2025-04-03,APAC,PC,Organic
4616,2025-03-13,APAC,PC,Paid Ads
4617,2025-02-18,NA-East,PC,Friend Referral
4618,2025-04-10,EU,Console,Organic
4619,2025-04-16,NA-West,PC,Streamer
4620,2025-05-30,EU,PC,Paid Ads
4621,2025-04-13,,PC,Organic
4622,2025-06-15,NA-West,Console,Organic
4623,2025-05-18,APAC,PC,Friend Referral
4624,2025-01-14,APAC,Console,Streamer
4625,2025-03-07,NA-West,Console,Organic
4626,2025-03-05,APAC,Console,Streamer
4627,2025-01-01,NA-East,PC,Organic
4628,2025-01-30,NA-East,PC,Paid Ads
4629,2025-05-07,APAC,PC,Friend Referral
4630,2025-02-28,NA-East,Console,Organic
4631,2025-01-25,NA-East,PC,Streamer
4632,2025-02-17,EU,PC,Organic
4633,2025-02-15,NA-West,PC,Streamer
4634,2025-01-29,NA-East,Console,Organic
4635,2025-01-17,NA-East,Console,Organic
4636,2025-05-07,EU,PC,Streamer
4637,2025-05-17,NA-West,PC,Paid Ads
4638,2025-03-24,NA-West,Console,Organic
4639,2025-04-13,EU,Console,Friend Referral
4640,2025-06-02,NA-West,Console,Organic
4641,2025-05-20,NA-East,PC,Streamer
4642,2025-01-06,EU,PC,Organic
4643,2025-06-08,EU,Console,Friend Referral
4644,2025-01-12,NA-West,PC,Organic
4645,2025-01-05,APAC,PC,Paid Ads
4646,2025-03-08,EU,PC,Streamer
4647,2025-05-04,NA-East,PC,Paid Ads
4648,2025-01-14,EU,Console,Friend Referral
4649,2025-02-18,EU,PC,Organic
4650,2025-02-13,EU,PC,Organic
4651,2025-03-07,EU,PC,Streamer
4652,2025-06-13,EU,Console,Organic
4653,2025-02-25,APAC,Console,Paid Ads
4654,2025-02-04,EU,PC,Friend Referral
4655,2025-01-21,APAC,Console,Streamer
4656,2025-02-02,EU,PC,Friend Referral
4657,2025-01-23,APAC,Console,Friend Referral
4658,2025-04-06,APAC,Console,Streamer
4659,2025-03-11,NA-West,PC,Streamer
4660,2025-03-24,NA-West,Console,Friend Referral
4661,2025-05-19,EU,PC,Paid Ads
4662,2025-04-07,NA-East,PC,Paid Ads
4663,2025-01-26,EU,PC,Friend Referral
4664,2025-03-04,EU,Console,Organic
4665,2025-02-21,APAC,PC,Paid Ads
4666,2025-05-18,NA-East,PC,Paid Ads
4667,2025-02-20,EU,PC,Organic
4668,2025-01-24,NA-West,Console,Organic
4669,2025-05-03,,PC,Paid Ads
4670,2025-03-13,NA-West,PC,Organic
4671,2025-01-16,EU,PC,Paid Ads
4672,2025-04-25,EU,Console,Paid Ads
4673,2025-02-04,EU,PC,Friend Referral
4674,2025-05-25,EU,PC,Organic
4675,2025-05-19,NA-East,Console,Friend Referral
4676,2025-03-03,NA-West,PC,Friend Referral
4677,2025-04-03,NA-West,PC,Paid Ads
4678,2025-04-05,APAC,Console,Paid Ads
4679,2025-04-19,APAC,PC,Streamer
4680,2025-01-12,NA-East,PC,Organic
4681,2025-02-23,NA-West,PC,Paid Ads
4682,2025-01-29,NA-East,Console,Organic
4683,2025-04-26,EU,Console,Paid Ads
4684,2025-01-12,NA-East,PC,Organic
4685,2025-03-27,NA-West,PC,Friend Referral
4686,2025-05-01,NA-East,PC,Friend Referral
4687,2025-06-07,NA-West,PC,Organic
4688,2025-02-17,NA-East,PC,Streamer
4689,2025-01-02,NA-West,PC,Organic
4690,2025-05-01,EU,PC,Organic
4691,2025-01-01,EU,PC,Paid Ads
4692,2025-01-12,NA-West,PC,Friend Referral
4693,2025-06-14,EU,PC,Organic
4694,2025-05-24,NA-East,PC,Organic
4695,2025-04-28,EU,PC,Organic
4696,2025-05-19,APAC,PC,Streamer
4697,2025-01-13,NA-West,PC,Friend Referral
4698,2025-01-15,APAC,PC,Organic
4699,2025-02-19,EU,PC,Friend Referral
4700,2025-01-04,EU,Console,Streamer
4701,2025-05-28,NA-East,Console,Streamer
4702,2025-01-10,,Console,Organic
4703,2025-04-01,NA-West,PC,Paid Ads
4704,2025-05-22,APAC,Console,Organic
4705,2025-05-03,EU,PC,Organic
4706,2025-02-08,NA-East,PC,Streamer
4707,2025-03-20,EU,PC,Streamer
4708,2025-04-02,NA-West,PC,Organic
4709,2025-05-08,NA-West,PC,Streamer
4710,2025-03-12,EU,PC,Paid Ads
4711,2025-02-17,EU,Console,Paid Ads
4712,2025-05-13,EU,PC,Paid Ads
4713,2025-05-28,EU,PC,Friend Referral
4714,2025-03-23,EU,Console,Streamer
4715,2025-01-05,APAC,PC,Organic
4716,2025-03-25,NA-West,PC,Friend Referral
4717,2025-05-28,EU,PC,Organic
4718,2025-06-14,EU,PC,Paid Ads
4719,2025-03-08,NA-West,Console,Organic
4720,2025-01-25,NA-West,PC,Friend Referral
4721,2025-04-05,NA-West,Console,Paid Ads
4722,2025-05-18,NA-West,PC,Organic
4723,2025-06-06,EU,Console,Organic
4724,2025-01-09,NA-West,Console,Organic
4725,2025-02-18,EU,PC,Paid Ads
4726,2025-03-21,NA-West,PC,Organic
4727,2025-01-17,NA-West,PC,Friend Referral
4728,2025-05-28,NA-East,PC,Friend Referral
4729,2025-01-19,NA-West,Console,Streamer
4730,2025-04-21,APAC,PC,Paid Ads
4731,2025-06-02,NA-East,PC,Organic
4732,2025-04-24,NA-West,Console,Streamer
4733,2025-05-07,NA-West,PC,Paid Ads
4734,2025-02-13,NA-East,PC,Paid Ads
4735,2025-05-18,EU,Console,Friend Referral
4736,2025-03-11,EU,Console,Organic
4737,2025-01-11,NA-East,PC,Paid Ads
4738,2025-03-02,EU,PC,Friend Referral
4739,2025-02-28,NA-East,Console,Organic
4740,2025-03-28,APAC,Console,Organic
4741,2025-02-13,EU,PC,Organic
4742,2025-03-18,NA-West,PC,Paid Ads
4743,2025-03-13,EU,PC,Organic
4744,2025-02-24,APAC,Console,Paid Ads
4745,2025-04-26,NA-East,Console,Paid Ads
4746,2025-02-20,APAC,PC,Organic
4747,2025-05-08,APAC,PC,Organic
4748,2025-02-11,NA-West,PC,Organic
4749,2025-05-24,EU,PC,Friend Referral
4750,2025-03-02,EU,PC,Paid Ads
4751,2025-01-07,EU,PC,Paid Ads
4752,2025-01-25,EU,PC,Streamer
4753,2025-05-14,APAC,Console,Streamer
4754,2025-05-25,EU,PC,Organic
4755,2025-02-05,EU,PC,Paid Ads
4756,2025-04-10,NA-West,Console,Friend Referral
4757,2025-04-06,NA-East,Console,Friend Referral
4758,2025-01-23,APAC,PC,Organic
4759,2025-03-17,EU,PC,Organic
4760,2025-04-26,NA-West,Console,Paid Ads
4761,2025-06-10,APAC,PC,Paid Ads
4762,2025-05-21,APAC,PC,Organic
4763,2025-01-17,EU,PC,Organic
4764,2025-02-09,NA-West,PC,Friend Referral
4765,2025-03-14,EU,Console,Paid Ads
4766,2025-01-25,NA-West,PC,Friend Referral
4767,2025-04-05,NA-East,PC,Organic
4768,2025-01-02,EU,PC,Organic
4769,2025-01-19,APAC,PC,Paid Ads
4770,2025-01-08,NA-East,PC,Paid Ads
4771,2025-02-19,APAC,Console,Organic
4772,2025-05-07,APAC,PC,Friend Referral
4773,2025-01-30,,PC,Friend Referral
4774,2025-06-13,NA-West,PC,Paid Ads
4775,2025-02-14,EU,Console,Organic
4776,2025-01-08,EU,PC,Paid Ads
4777,2025-02-25,NA-East,Console,Streamer
4778,2025-05-05,EU,PC,Friend Referral
4779,2025-01-18,EU,PC,Organic
4780,2025-01-12,EU,PC,Organic
4781,2025-05-21,EU,PC,Organic
4782,2025-04-09,NA-West,Console,Streamer
4783,2025-02-26,NA-West,Console,Streamer
4784,2025-05-06,NA-West,PC,Organic
4785,2025-05-21,APAC,PC,Streamer
4786,2025-03-01,APAC,PC,Organic
4787,2025-04-04,EU,PC,Friend Referral
4788,2025-01-02,NA-West,Console,Paid Ads
4789,2025-02-20,EU,Console,Friend Referral
4790,2025-04-09,NA-West,PC,Friend Referral
4791,2025-02-02,NA-East,PC,Paid Ads
4792,2025-06-14,NA-West,Console,Organic
4793,2025-06-11,APAC,PC,Streamer
4794,2025-02-12,NA-West,PC,Organic
4795,2025-03-07,EU,PC,Organic
4796,2025-02-01,APAC,Console,Streamer
4797,2025-03-25,EU,Console,Friend Referral
4798,2025-01-21,NA-West,PC,Friend Referral
4799,2025-03-06,APAC,PC,Organic
4800,2025-04-03,EU,PC,Organic
4801,2025-04-12,NA-East,PC,Organic
4802,2025-04-10,EU,PC,Friend Referral
4803,2025-02-06,APAC,Console,Friend Referral
4804,2025-05-12,NA-East,PC,Friend Referral
4805,2025-04-25,EU,PC,Streamer
4806,2025-05-06,NA-East,PC,Streamer
4807,2025-03-19,NA-West,PC,Organic
4808,2025-05-29,,Console,Streamer
4809,2025-03-06,NA-West,PC,Streamer
4810,2025-05-14,NA-East,PC,Streamer
4811,2025-02-03,NA-East,Console,Paid Ads
4812,2025-02-11,NA-West,PC,Organic
4813,2025-03-29,,PC,Organic
4814,2025-04-03,EU,PC,Streamer
4815,2025-05-04,NA-East,PC,Friend Referral
4816,2025-02-19,NA-West,PC,Streamer
4817,2025-05-25,APAC,Console,Paid Ads
4818,2025-02-24,APAC,PC,Organic
4819,2025-03-30,NA-East,PC,Friend Referral
4820,2025-06-04,NA-East,Console,Streamer
4821,2025-03-31,NA-West,PC,Organic
4822,2025-04-24,NA-West,PC,Paid Ads
4823,2025-05-31,NA-East,PC,Streamer
4824,2025-06-11,APAC,PC,Organic
4825,2025-03-24,EU,PC,Organic
4826,2025-03-11,NA-East,PC,Friend Referral
4827,2025-02-02,APAC,PC,Paid Ads
4828,2025-03-31,NA-East,PC,Friend Referral
4829,2025-06-02,NA-West,PC,Organic
4830,2025-03-22,NA-East,PC,Organic
4831,2025-02-27,NA-West,PC,Friend Referral
4832,2025-01-18,APAC,PC,Organic
4833,2025-03-06,NA-East,PC,Organic
4834,2025-02-09,EU,PC,Paid Ads
4835,2025-06-12,NA-East,PC,Organic
4836,2025-03-29,,PC,Paid Ads
4837,2025-01-23,EU,PC,Streamer
4838,2025-01-12,NA-East,PC,Paid Ads
4839,2025-05-22,NA-West,Console,Paid Ads
4840,2025-06-04,APAC,PC,Organic
4841,2025-05-07,EU,PC,Friend Referral
4842,2025-01-21,NA-West,Console,Friend Referral
4843,2025-01-17,APAC,PC,Organic
4844,2025-02-02,NA-West,Console,Friend Referral
4845,2025-05-05,NA-East,Console,Organic
4846,2025-05-08,EU,PC,Organic
4847,2025-05-20,NA-East,PC,Paid Ads
4848,2025-01-17,NA-East,PC,Friend Referral
4849,2025-01-26,NA-West,Console,Organic
4850,2025-05-30,NA-West,PC,Organic
4851,2025-06-04,NA-West,Console,Organic
4852,2025-05-01,NA-West,PC,Friend Referral
4853,2025-01-18,APAC,PC,Friend Referral
4854,2025-01-12,EU,PC,Organic
4855,2025-01-10,NA-East,PC,Paid Ads
4856,2025-04-25,NA-East,PC,Streamer
4857,2025-05-21,EU,Console,Friend Referral
4858,2025-04-15,NA-West,PC,Friend Referral
4859,2025-02-13,NA-West,Console,Paid Ads
4860,2025-05-06,EU,Console,Streamer
4861,2025-01-10,NA-East,PC,Streamer
4862,2025-05-18,EU,PC,Organic
4863,2025-05-29,APAC,PC,Organic
4864,2025-04-30,APAC,PC,Organic
4865,2025-05-26,NA-West,Console,Paid Ads
4866,2025-04-08,NA-West,Console,Organic
4867,2025-03-19,NA-West,Console,Streamer
4868,2025-02-23,EU,PC,Organic
4869,2025-06-03,APAC,PC,Paid Ads
4870,2025-04-26,APAC,PC,Organic
4871,2025-02-01,NA-West,Console,Friend Referral
4872,2025-06-08,APAC,PC,Friend Referral
4873,2025-01-10,EU,PC,Paid Ads
4874,2025-04-08,APAC,PC,Friend Referral
4875,2025-02-01,EU,PC,Friend Referral
4876,2025-04-21,NA-West,PC,Paid Ads
4877,2025-03-10,NA-West,PC,Streamer
4878,2025-03-14,APAC,Console,Paid Ads
4879,2025-04-22,NA-East,Console,Paid Ads
4880,2025-05-06,NA-East,PC,Friend Referral
4881,2025-03-05,NA-East,Console,Streamer
4882,2025-06-15,NA-East,PC,Friend Referral
4883,2025-03-24,APAC,Console,Streamer
4884,2025-01-27,NA-West,PC,Paid Ads
4885,2025-01-02,NA-West,PC,Organic
4886,2025-02-03,EU,PC,Organic
4887,2025-04-25,EU,PC,Paid Ads
4888,2025-03-31,NA-West,PC,Paid Ads
4889,2025-02-26,NA-West,Console,Paid Ads
4890,2025-03-21,NA-West,Console,Streamer
4891,2025-05-20,NA-West,PC,Friend Referral
4892,2025-04-05,NA-West,PC,Organic
4893,2025-01-10,NA-West,Console,Friend Referral
4894,2025-01-09,EU,PC,Organic
4895,2025-03-22,APAC,PC,Friend Referral
4896,2025-03-09,APAC,PC,Streamer
4897,2025-05-22,NA-East,PC,Organic
4898,2025-04-07,NA-East,PC,Paid Ads
4899,2025-05-06,APAC,PC,Paid Ads
4900,2025-04-08,EU,PC,Organic
4901,2025-02-27,EU,PC,Paid Ads
4902,2025-04-20,NA-West,Console,Paid Ads
4903,2025-04-14,NA-East,PC,Friend Referral
4904,2025-04-30,EU,PC,Organic
4905,2025-02-01,EU,Console,Organic
4906,2025-04-17,NA-West,Console,Paid Ads
4907,2025-02-17,APAC,PC,Organic
4908,2025-05-12,EU,PC,Organic
4909,2025-05-13,EU,PC,Streamer
4910,2025-04-14,NA-West,PC,Paid Ads
4911,2025-06-07,EU,PC,Paid Ads
4912,2025-03-31,,Console,Streamer
4913,2025-01-05,,Console,Organic
4914,2025-04-11,EU,Console,Organic
4915,2025-05-10,EU,PC,Paid Ads
4916,2025-01-17,APAC,Console,Friend Referral
4917,2025-01-18,NA-West,Console,Organic
4918,2025-02-15,APAC,PC,Paid Ads
4919,2025-05-21,NA-East,PC,Organic
4920,2025-03-29,NA-West,PC,Friend Referral
4921,2025-06-12,NA-West,PC,Friend Referral
4922,2025-05-25,NA-West,PC,Paid Ads
4923,2025-04-03,NA-West,PC,Organic
4924,2025-04-23,NA-East,PC,Organic
4925,2025-02-24,EU,PC,Streamer
4926,2025-01-16,NA-West,PC,Streamer
4927,2025-03-08,APAC,PC,Friend Referral
4928,2025-04-09,NA-West,Console,Organic
4929,2025-01-31,EU,Console,Friend Referral
4930,2025-02-06,APAC,PC,Organic
4931,2025-01-03,APAC,PC,Organic
4932,2025-05-02,EU,Console,Organic
4933,2025-05-30,EU,PC,Organic
4934,2025-05-18,NA-West,Console,Organic
4935,2025-03-05,NA-West,Console,Organic
4936,2025-04-09,NA-East,PC,Paid Ads
4937,2025-06-09,NA-West,PC,Friend Referral
4938,2025-04-09,NA-East,PC,Friend Referral
4939,2025-02-19,NA-West,PC,Organic
4940,2025-02-26,APAC,PC,Streamer
4941,2025-05-01,APAC,Console,Organic
4942,2025-03-16,APAC,PC,Organic
4943,2025-05-19,EU,PC,Paid Ads
4944,2025-05-24,NA-West,PC,Paid Ads
4945,2025-01-06,NA-West,PC,Paid Ads
4946,2025-05-01,EU,PC,Friend Referral
4947,2025-03-03,EU,PC,Organic
4948,2025-03-28,NA-East,PC,Organic
4949,2025-02-13,NA-East,Console,Friend Referral
4950,2025-03-03,NA-East,PC,Organic
4951,2025-02-24,NA-West,PC,Organic
4952,2025-01-09,NA-East,Console,Organic
4953,2025-05-10,NA-East,PC,Streamer
4954,2025-01-24,EU,Console,Organic
4955,2025-03-04,APAC,PC,Organic
4956,2025-02-02,EU,Console,Streamer
4957,2025-01-27,EU,PC,Paid Ads
4958,2025-03-03,APAC,PC,Friend Referral
4959,2025-06-02,NA-West,Console,Paid Ads
4960,2025-06-06,EU,PC,Organic
4961,2025-03-05,NA-East,Console,Paid Ads
4962,2025-03-25,EU,PC,Organic
4963,2025-06-13,NA-West,PC,Streamer
4964,2025-02-08,APAC,PC,Organic
4965,2025-06-06,APAC,Console,Paid Ads
4966,2025-01-18,NA-West,Console,Friend Referral
4967,2025-02-07,NA-West,PC,Organic
4968,2025-02-26,NA-West,PC,Friend Referral
4969,2025-01-07,EU,PC,Paid Ads
4970,2025-05-16,EU,PC,Organic
4971,2025-05-22,NA-West,Console,Streamer
4972,2025-03-05,APAC,PC,Organic
4973,2025-05-19,NA-East,PC,Paid Ads
4974,2025-05-09,NA-East,PC,Paid Ads
4975,2025-05-14,NA-East,PC,Friend Referral
4976,2025-05-14,EU,PC,Paid Ads
4977,2025-04-06,NA-East,PC,Paid Ads
4978,2025-01-19,NA-West,PC,Paid Ads
4979,2025-06-03,NA-East,Console,Friend Referral
4980,2025-04-12,APAC,PC,Paid Ads
4981,2025-05-30,EU,Console,Friend Referral
4982,2025-06-09,APAC,PC,Organic
4983,2025-02-01,EU,PC,Organic
4984,2025-03-08,EU,Console,Paid Ads
4985,2025-02-01,NA-West,PC,Streamer
4986,2025-01-09,EU,PC,Organic
4987,2025-06-10,NA-West,PC,Friend Referral
4988,2025-06-03,NA-West,PC,Organic
4989,2025-06-04,NA-West,Console,Friend Referral
4990,2025-05-27,NA-West,PC,Paid Ads
4991,2025-04-18,APAC,PC,Paid Ads
4992,2025-03-28,APAC,PC,Paid Ads
4993,2025-06-14,EU,PC,Paid Ads
4994,2025-04-02,NA-West,Console,Organic
4995,2025-04-17,APAC,PC,Friend Referral
4996,2025-02-05,EU,Console,Organic
4997,2025-05-04,NA-East,PC,Streamer
4998,2025-05-17,EU,PC,Paid Ads
4999,2025-04-23,EU,PC,Organic
5000,2025-03-24,NA-West,PC,Organic
